-- MySQL dump 10.13  Distrib 8.0.38, for Win64 (x86_64)
--
-- Host: localhost    Database: pizzahut
-- ------------------------------------------------------
-- Server version	8.0.39

/*!40101 SET @OLD_CHARACTER_SET_CLIENT=@@CHARACTER_SET_CLIENT */;
/*!40101 SET @OLD_CHARACTER_SET_RESULTS=@@CHARACTER_SET_RESULTS */;
/*!40101 SET @OLD_COLLATION_CONNECTION=@@COLLATION_CONNECTION */;
/*!50503 SET NAMES utf8 */;
/*!40103 SET @OLD_TIME_ZONE=@@TIME_ZONE */;
/*!40103 SET TIME_ZONE='+00:00' */;
/*!40014 SET @OLD_UNIQUE_CHECKS=@@UNIQUE_CHECKS, UNIQUE_CHECKS=0 */;
/*!40014 SET @OLD_FOREIGN_KEY_CHECKS=@@FOREIGN_KEY_CHECKS, FOREIGN_KEY_CHECKS=0 */;
/*!40101 SET @OLD_SQL_MODE=@@SQL_MODE, SQL_MODE='NO_AUTO_VALUE_ON_ZERO' */;
/*!40111 SET @OLD_SQL_NOTES=@@SQL_NOTES, SQL_NOTES=0 */;

--
-- Table structure for table `order_details`
--

DROP TABLE IF EXISTS `order_details`;
/*!40101 SET @saved_cs_client     = @@character_set_client */;
/*!50503 SET character_set_client = utf8mb4 */;
CREATE TABLE `order_details` (
  `order_details_id` int NOT NULL,
  `order_id` int NOT NULL,
  `pizza_id` text NOT NULL,
  `quantity` int NOT NULL,
  PRIMARY KEY (`order_details_id`)
) ENGINE=InnoDB DEFAULT CHARSET=utf8mb4 COLLATE=utf8mb4_0900_ai_ci;
/*!40101 SET character_set_client = @saved_cs_client */;

--
-- Dumping data for table `order_details`
--

LOCK TABLES `order_details` WRITE;
/*!40000 ALTER TABLE `order_details` DISABLE KEYS */;
INSERT INTO `order_details` VALUES (1,1,'hawaiian_m',1),(2,2,'classic_dlx_m',1),(3,2,'five_cheese_l',1),(4,2,'ital_supr_l',1),(5,2,'mexicana_m',1),(6,2,'thai_ckn_l',1),(7,3,'ital_supr_m',1),(8,3,'prsc_argla_l',1),(9,4,'ital_supr_m',1),(10,5,'ital_supr_m',1),(11,6,'bbq_ckn_s',1),(12,6,'the_greek_s',1),(13,7,'spinach_supr_s',1),(14,8,'spinach_supr_s',1),(15,9,'classic_dlx_s',1),(16,9,'green_garden_s',1),(17,9,'ital_cpcllo_l',1),(18,9,'ital_supr_l',1),(19,9,'ital_supr_s',1),(20,9,'mexicana_s',1),(21,9,'spicy_ital_l',1),(22,9,'spin_pesto_l',1),(23,9,'veggie_veg_s',1),(24,10,'mexicana_l',1),(25,10,'southw_ckn_l',1),(26,11,'bbq_ckn_l',1),(27,11,'cali_ckn_l',1),(28,11,'cali_ckn_m',1),(29,11,'pepperoni_l',1),(30,12,'cali_ckn_l',1),(31,12,'cali_ckn_s',1),(32,12,'ckn_pesto_l',1),(33,12,'ital_supr_m',1),(34,13,'mexicana_l',1),(35,14,'the_greek_s',1),(36,15,'big_meat_s',1),(37,15,'five_cheese_l',1),(38,15,'soppressata_l',1),(39,15,'the_greek_s',1),(40,16,'four_cheese_l',1),(41,16,'napolitana_s',1),(42,16,'thai_ckn_l',1),(43,17,'bbq_ckn_l',1),(44,17,'calabrese_m',1),(45,17,'five_cheese_l',1),(46,17,'four_cheese_m',1),(47,17,'ital_supr_m',1),(48,17,'ital_veggie_s',1),(49,17,'mediterraneo_m',2),(50,17,'mexicana_l',1),(51,17,'peppr_salami_s',1),(52,17,'spinach_fet_l',1),(53,18,'napolitana_l',1),(54,19,'ital_cpcllo_l',1),(55,19,'sicilian_l',1),(56,20,'big_meat_s',1),(57,20,'five_cheese_l',1),(58,21,'ital_cpcllo_l',1),(59,22,'five_cheese_l',1),(60,22,'ital_cpcllo_m',1),(61,22,'southw_ckn_l',1),(62,23,'southw_ckn_s',1),(63,24,'bbq_ckn_m',1),(64,24,'ital_cpcllo_m',1),(65,24,'pepperoni_m',1),(66,24,'prsc_argla_s',1),(67,25,'sicilian_m',1),(68,25,'thai_ckn_l',1),(69,26,'classic_dlx_s',1),(70,26,'veggie_veg_l',1),(71,27,'bbq_ckn_l',1),(72,27,'classic_dlx_m',1),(73,27,'spinach_fet_l',1),(74,28,'ckn_alfredo_s',1),(75,29,'green_garden_s',1),(76,30,'thai_ckn_l',1),(77,31,'mexicana_m',1),(78,31,'pepperoni_s',1),(79,32,'big_meat_s',1),(80,32,'green_garden_l',1),(81,32,'ital_cpcllo_l',1),(82,32,'ital_supr_m',1),(83,33,'bbq_ckn_l',1),(84,33,'green_garden_s',1),(85,34,'the_greek_s',1),(86,35,'green_garden_m',1),(87,35,'pep_msh_pep_l',1),(88,35,'pepperoni_m',1),(89,35,'thai_ckn_l',1),(90,36,'bbq_ckn_m',1),(91,36,'classic_dlx_m',1),(92,37,'ital_supr_l',1),(93,37,'mexicana_l',1),(94,38,'hawaiian_s',1),(95,38,'ital_cpcllo_l',1),(96,39,'ital_supr_l',1),(97,40,'four_cheese_l',1),(98,40,'southw_ckn_s',1),(99,41,'four_cheese_m',1),(100,41,'green_garden_s',1),(101,42,'big_meat_s',1),(102,42,'five_cheese_l',1),(103,42,'mexicana_l',1),(104,42,'peppr_salami_m',1),(105,43,'ckn_alfredo_m',1),(106,43,'ital_supr_m',1),(107,43,'peppr_salami_l',1),(108,44,'spin_pesto_s',1),(109,45,'four_cheese_l',1),(110,45,'hawaiian_s',1),(111,45,'thai_ckn_m',1),(112,46,'ckn_pesto_l',1),(113,46,'classic_dlx_l',1),(114,46,'thai_ckn_m',1),(115,47,'southw_ckn_l',1),(116,47,'veggie_veg_s',1),(117,48,'ckn_pesto_m',1),(118,48,'green_garden_s',1),(119,48,'prsc_argla_l',1),(120,48,'spicy_ital_l',1),(121,49,'sicilian_l',1),(122,50,'the_greek_xl',1),(123,51,'bbq_ckn_l',1),(124,51,'pep_msh_pep_l',1),(125,52,'hawaiian_l',1),(126,52,'mexicana_l',1),(127,52,'spicy_ital_l',1),(128,53,'pep_msh_pep_s',1),(129,53,'spinach_supr_m',1),(130,54,'prsc_argla_m',1),(131,54,'thai_ckn_l',1),(132,55,'peppr_salami_s',1),(133,55,'spicy_ital_l',1),(134,56,'classic_dlx_m',1),(135,56,'mediterraneo_l',1),(136,56,'southw_ckn_m',1),(137,57,'classic_dlx_m',1),(138,58,'five_cheese_l',1),(139,58,'pepperoni_m',1),(140,59,'ital_veggie_s',1),(141,59,'pep_msh_pep_s',1),(142,59,'pepperoni_l',1),(143,60,'ckn_pesto_l',1),(144,60,'four_cheese_m',1),(145,61,'bbq_ckn_m',1),(146,61,'ital_supr_l',1),(147,62,'bbq_ckn_m',1),(148,62,'spinach_supr_m',1),(149,63,'pep_msh_pep_m',1),(150,64,'big_meat_s',1),(151,65,'pep_msh_pep_s',1),(152,65,'sicilian_s',1),(153,65,'spicy_ital_s',1),(154,65,'spinach_supr_m',1),(155,66,'classic_dlx_m',1),(156,66,'ital_cpcllo_m',1),(157,67,'southw_ckn_l',1),(158,68,'classic_dlx_m',1),(159,68,'ital_supr_l',1),(160,68,'ital_supr_m',1),(161,69,'bbq_ckn_l',1),(162,70,'ital_veggie_s',1),(163,70,'soppressata_l',1),(164,71,'thai_ckn_l',1),(165,72,'spinach_fet_l',1),(166,73,'thai_ckn_s',1),(167,74,'five_cheese_l',1),(168,74,'mexicana_l',1),(169,74,'spin_pesto_s',1),(170,74,'spinach_supr_l',1),(171,75,'ital_supr_s',1),(172,75,'mediterraneo_l',1),(173,75,'napolitana_l',1),(174,76,'big_meat_s',1),(175,76,'hawaiian_l',1),(176,76,'ital_veggie_l',1),(177,76,'spicy_ital_l',1),(178,77,'bbq_ckn_m',1),(179,77,'hawaiian_m',1),(180,78,'big_meat_s',1),(181,78,'classic_dlx_s',1),(182,78,'four_cheese_l',1),(183,78,'ital_cpcllo_m',1),(184,78,'spicy_ital_l',3),(185,78,'thai_ckn_s',1),(186,79,'ital_cpcllo_l',1),(187,79,'pep_msh_pep_s',1),(188,79,'thai_ckn_l',1),(189,80,'pepperoni_s',1),(190,80,'thai_ckn_m',1),(191,81,'thai_ckn_l',1),(192,82,'big_meat_s',1),(193,82,'cali_ckn_m',1),(194,82,'spicy_ital_l',1),(195,82,'veggie_veg_m',1),(196,83,'southw_ckn_s',1),(197,84,'pepperoni_l',1),(198,85,'classic_dlx_m',1),(199,85,'classic_dlx_s',1),(200,85,'ital_supr_l',1),(201,85,'the_greek_m',1),(202,86,'hawaiian_l',1),(203,87,'ital_cpcllo_m',1),(204,87,'mexicana_m',1),(205,87,'spinach_supr_l',1),(206,87,'spinach_supr_s',1),(207,88,'five_cheese_l',1),(208,89,'soppressata_l',1),(209,89,'thai_ckn_l',1),(210,90,'sicilian_l',1),(211,90,'thai_ckn_s',1),(212,91,'bbq_ckn_l',2),(213,91,'ckn_pesto_s',1),(214,91,'pepperoni_s',1),(215,92,'bbq_ckn_m',1),(216,92,'ital_supr_l',1),(217,92,'ital_supr_m',1),(218,92,'ital_veggie_s',1),(219,92,'pepperoni_m',1),(220,92,'peppr_salami_m',1),(221,92,'spinach_fet_s',1),(222,92,'spinach_supr_s',1),(223,92,'the_greek_m',2),(224,93,'sicilian_m',1),(225,94,'ital_cpcllo_m',1),(226,94,'southw_ckn_s',1),(227,95,'napolitana_s',1),(228,95,'peppr_salami_l',1),(229,96,'napolitana_s',1),(230,97,'big_meat_s',1),(231,98,'classic_dlx_l',1),(232,98,'napolitana_l',1),(233,99,'ital_supr_l',1),(234,100,'hawaiian_l',1),(235,101,'cali_ckn_l',1),(236,101,'pepperoni_l',1),(237,101,'soppressata_l',1),(238,101,'spicy_ital_m',1),(239,102,'bbq_ckn_s',1),(240,102,'prsc_argla_s',1),(241,103,'spinach_supr_s',1),(242,104,'bbq_ckn_m',1),(243,104,'ckn_alfredo_m',1),(244,104,'ital_veggie_m',1),(245,104,'veggie_veg_l',1),(246,105,'hawaiian_s',2),(247,105,'pepperoni_l',1),(248,105,'prsc_argla_m',1),(249,106,'mexicana_l',1),(250,106,'spicy_ital_l',1),(251,107,'cali_ckn_l',1),(252,107,'ital_supr_m',1),(253,107,'spicy_ital_l',1),(254,107,'veggie_veg_l',1),(255,108,'classic_dlx_l',1),(256,108,'hawaiian_l',1),(257,108,'spinach_supr_l',1),(258,109,'ital_cpcllo_l',1),(259,109,'ital_supr_l',1),(260,109,'pepperoni_m',1),(261,109,'prsc_argla_l',1),(262,110,'big_meat_s',1),(263,110,'napolitana_l',1),(264,110,'soppressata_l',1),(265,110,'spicy_ital_s',1),(266,111,'cali_ckn_m',1),(267,111,'five_cheese_l',1),(268,111,'pepperoni_m',1),(269,111,'spin_pesto_l',1),(270,112,'pepperoni_s',1),(271,113,'cali_ckn_l',1),(272,113,'mexicana_l',1),(273,113,'southw_ckn_m',1),(274,114,'pepperoni_l',1),(275,114,'sicilian_s',1),(276,115,'big_meat_s',1),(277,115,'napolitana_l',1),(278,115,'thai_ckn_m',1),(279,116,'five_cheese_l',1),(280,117,'peppr_salami_m',1),(281,117,'sicilian_l',1),(282,118,'prsc_argla_l',1),(283,118,'spinach_fet_s',1),(284,119,'four_cheese_m',1),(285,120,'classic_dlx_s',1),(286,120,'hawaiian_s',1),(287,120,'spinach_fet_l',1),(288,121,'bbq_ckn_m',1),(289,121,'four_cheese_l',1),(290,121,'sicilian_l',1),(291,121,'southw_ckn_l',1),(292,122,'ital_supr_m',1),(293,123,'ital_cpcllo_s',1),(294,124,'bbq_ckn_s',1),(295,124,'sicilian_l',1),(296,124,'spicy_ital_l',1),(297,124,'the_greek_s',1),(298,125,'the_greek_xl',1),(299,126,'veggie_veg_l',1),(300,127,'pepperoni_m',1),(301,128,'spicy_ital_s',1),(302,129,'big_meat_s',1),(303,129,'the_greek_m',1),(304,130,'hawaiian_s',1),(305,130,'ital_cpcllo_l',1),(306,130,'mexicana_m',1),(307,130,'southw_ckn_s',1),(308,131,'ckn_pesto_l',1),(309,131,'five_cheese_l',1),(310,131,'green_garden_s',1),(311,131,'spinach_supr_s',1),(312,132,'pepperoni_s',1),(313,133,'bbq_ckn_l',1),(314,133,'hawaiian_l',1),(315,133,'the_greek_s',1),(316,134,'big_meat_s',1),(317,134,'southw_ckn_l',1),(318,134,'spinach_supr_s',1),(319,135,'veggie_veg_l',1),(320,136,'five_cheese_l',1),(321,136,'peppr_salami_s',1),(322,137,'mediterraneo_l',1),(323,137,'pepperoni_s',1),(324,137,'spicy_ital_m',1),(325,138,'cali_ckn_m',1),(326,138,'four_cheese_l',1),(327,138,'ital_veggie_l',1),(328,138,'sicilian_m',1),(329,139,'five_cheese_l',1),(330,140,'prsc_argla_s',1),(331,140,'veggie_veg_m',1),(332,141,'classic_dlx_m',1),(333,142,'green_garden_m',1),(334,143,'cali_ckn_s',1),(335,143,'classic_dlx_s',1),(336,143,'hawaiian_l',1),(337,143,'mexicana_m',1),(338,143,'pepperoni_l',1),(339,143,'prsc_argla_s',1),(340,143,'thai_ckn_l',1),(341,143,'veggie_veg_m',1),(342,144,'bbq_ckn_m',3),(343,144,'big_meat_s',1),(344,144,'cali_ckn_l',1),(345,144,'ckn_pesto_m',1),(346,144,'five_cheese_l',1),(347,144,'four_cheese_l',1),(348,144,'pep_msh_pep_s',1),(349,144,'southw_ckn_l',1),(350,144,'southw_ckn_s',1),(351,144,'spicy_ital_l',1),(352,144,'thai_ckn_m',1),(353,144,'veggie_veg_l',1),(354,145,'the_greek_s',1),(355,146,'cali_ckn_l',1),(356,146,'four_cheese_m',1),(357,146,'hawaiian_m',1),(358,147,'the_greek_xl',1),(359,148,'mediterraneo_s',1),(360,149,'spinach_fet_m',1),(361,150,'pepperoni_m',1),(362,151,'southw_ckn_l',1),(363,151,'spinach_supr_s',1),(364,152,'hawaiian_s',1),(365,152,'spinach_fet_l',1),(366,152,'thai_ckn_s',1),(367,152,'the_greek_m',1),(368,153,'mexicana_m',1),(369,154,'prsc_argla_s',1),(370,155,'ckn_pesto_s',1),(371,155,'napolitana_l',1),(372,155,'pepperoni_l',1),(373,155,'peppr_salami_l',1),(374,156,'napolitana_m',1),(375,156,'thai_ckn_l',1),(376,157,'ital_supr_l',1),(377,157,'mediterraneo_m',1),(378,157,'sicilian_m',1),(379,157,'spin_pesto_m',1),(380,158,'ital_veggie_m',1),(381,158,'thai_ckn_m',1),(382,159,'four_cheese_l',1),(383,159,'thai_ckn_m',1),(384,160,'classic_dlx_m',1),(385,161,'hawaiian_s',1),(386,161,'spicy_ital_m',1),(387,161,'the_greek_xl',1),(388,162,'big_meat_s',1),(389,163,'hawaiian_m',1),(390,163,'pepperoni_l',1),(391,163,'the_greek_m',1),(392,164,'cali_ckn_l',1),(393,164,'pepperoni_m',1),(394,165,'prsc_argla_m',1),(395,166,'prsc_argla_s',1),(396,167,'bbq_ckn_l',1),(397,167,'ital_supr_m',1),(398,167,'pepperoni_m',1),(399,168,'big_meat_s',1),(400,168,'veggie_veg_m',1),(401,169,'four_cheese_l',1),(402,169,'ital_cpcllo_s',1),(403,169,'sicilian_m',1),(404,170,'hawaiian_l',1),(405,171,'napolitana_m',1),(406,172,'napolitana_s',1),(407,172,'spinach_supr_m',1),(408,172,'thai_ckn_l',1),(409,173,'cali_ckn_m',1),(410,173,'classic_dlx_m',1),(411,173,'veggie_veg_l',1),(412,174,'big_meat_s',1),(413,174,'cali_ckn_l',1),(414,174,'cali_ckn_m',1),(415,174,'ital_cpcllo_m',1),(416,175,'ital_supr_l',1),(417,176,'cali_ckn_l',1),(418,176,'peppr_salami_m',1),(419,177,'napolitana_s',1),(420,177,'thai_ckn_l',1),(421,178,'peppr_salami_l',1),(422,179,'hawaiian_l',1),(423,179,'sicilian_m',1),(424,179,'veggie_veg_s',1),(425,180,'classic_dlx_l',1),(426,180,'prsc_argla_l',1),(427,181,'mexicana_l',1),(428,182,'brie_carre_s',1),(429,182,'peppr_salami_l',1),(430,183,'napolitana_m',1),(431,183,'spin_pesto_l',1),(432,183,'spin_pesto_s',1),(433,184,'hawaiian_l',1),(434,185,'sicilian_m',1),(435,185,'spin_pesto_s',1),(436,186,'mexicana_l',1),(437,186,'southw_ckn_l',1),(438,186,'spin_pesto_l',1),(439,186,'thai_ckn_l',1),(440,187,'five_cheese_l',1),(441,187,'spin_pesto_l',1),(442,188,'five_cheese_l',1),(443,188,'pepperoni_s',1),(444,188,'peppr_salami_l',1),(445,189,'big_meat_s',2),(446,189,'thai_ckn_s',1),(447,190,'bbq_ckn_l',1),(448,190,'four_cheese_m',1),(449,190,'pep_msh_pep_s',1),(450,190,'prsc_argla_l',1),(451,191,'cali_ckn_l',1),(452,191,'ckn_alfredo_m',1),(453,192,'sicilian_s',1),(454,192,'southw_ckn_l',1),(455,193,'big_meat_s',1),(456,193,'cali_ckn_m',1),(457,193,'ckn_alfredo_l',2),(458,194,'bbq_ckn_s',1),(459,195,'bbq_ckn_l',1),(460,196,'sicilian_s',1),(461,196,'spicy_ital_m',1),(462,196,'veggie_veg_m',1),(463,197,'four_cheese_l',1),(464,197,'ital_cpcllo_l',1),(465,197,'ital_veggie_l',1),(466,197,'soppressata_l',1),(467,198,'big_meat_s',1),(468,198,'ckn_alfredo_l',1),(469,199,'ckn_alfredo_m',1),(470,200,'the_greek_xl',1),(471,201,'calabrese_m',1),(472,201,'ckn_pesto_l',1),(473,201,'ital_supr_l',1),(474,201,'the_greek_xl',1),(475,202,'cali_ckn_s',1),(476,203,'cali_ckn_l',1),(477,203,'ital_veggie_m',1),(478,203,'pep_msh_pep_l',1),(479,203,'the_greek_s',1),(480,204,'spicy_ital_l',1),(481,205,'cali_ckn_s',1),(482,205,'ckn_alfredo_m',1),(483,205,'prsc_argla_s',1),(484,206,'napolitana_m',1),(485,206,'pepperoni_s',1),(486,206,'spicy_ital_l',1),(487,207,'spicy_ital_l',1),(488,208,'bbq_ckn_l',1),(489,208,'bbq_ckn_s',1),(490,208,'ckn_alfredo_m',1),(491,208,'pepperoni_m',1),(492,208,'the_greek_m',1),(493,209,'cali_ckn_l',1),(494,210,'spinach_fet_s',1),(495,211,'pepperoni_s',1),(496,212,'ital_cpcllo_l',1),(497,213,'four_cheese_l',1),(498,214,'ital_cpcllo_l',1),(499,214,'ital_supr_m',1),(500,214,'mexicana_s',1),(501,214,'spin_pesto_m',1),(502,215,'green_garden_s',1),(503,216,'bbq_ckn_m',1),(504,216,'five_cheese_l',1),(505,216,'hawaiian_l',1),(506,217,'classic_dlx_m',1),(507,217,'spinach_fet_s',1),(508,218,'spicy_ital_m',1),(509,219,'bbq_ckn_l',1),(510,219,'five_cheese_l',1),(511,219,'peppr_salami_m',1),(512,219,'spinach_fet_m',1),(513,220,'hawaiian_s',1),(514,220,'ital_cpcllo_s',1),(515,220,'napolitana_l',1),(516,220,'spicy_ital_l',1),(517,221,'five_cheese_l',1),(518,221,'prsc_argla_m',1),(519,221,'the_greek_s',1),(520,222,'four_cheese_l',1),(521,222,'sicilian_s',1),(522,223,'pep_msh_pep_s',1),(523,224,'ckn_alfredo_s',1),(524,224,'ital_supr_m',1),(525,224,'napolitana_m',1),(526,224,'thai_ckn_l',1),(527,225,'bbq_ckn_l',1),(528,225,'bbq_ckn_m',1),(529,225,'southw_ckn_s',1),(530,226,'classic_dlx_l',1),(531,227,'bbq_ckn_m',1),(532,227,'the_greek_m',1),(533,228,'ital_veggie_s',1),(534,229,'ital_veggie_l',1),(535,229,'prsc_argla_l',1),(536,229,'spin_pesto_s',1),(537,230,'thai_ckn_m',1),(538,231,'cali_ckn_l',1),(539,231,'napolitana_s',1),(540,231,'prsc_argla_s',1),(541,232,'bbq_ckn_m',1),(542,232,'spinach_supr_l',1),(543,233,'spinach_fet_s',1),(544,234,'ckn_alfredo_m',1),(545,234,'ital_supr_s',1),(546,234,'napolitana_m',1),(547,235,'cali_ckn_m',1),(548,236,'classic_dlx_l',1),(549,236,'green_garden_m',1),(550,237,'green_garden_s',1),(551,238,'spin_pesto_l',1),(552,239,'ital_supr_l',1),(553,239,'thai_ckn_m',1),(554,240,'four_cheese_m',1),(555,241,'sicilian_m',1),(556,241,'spinach_supr_l',1),(557,242,'calabrese_m',1),(558,242,'thai_ckn_l',1),(559,242,'veggie_veg_m',1),(560,243,'classic_dlx_l',1),(561,243,'spinach_supr_s',1),(562,244,'ital_supr_s',1),(563,244,'spicy_ital_l',1),(564,245,'bbq_ckn_l',1),(565,245,'ckn_pesto_l',1),(566,246,'ckn_alfredo_m',1),(567,246,'pepperoni_l',1),(568,247,'hawaiian_m',1),(569,247,'sicilian_m',1),(570,247,'spinach_supr_s',1),(571,248,'hawaiian_s',1),(572,248,'thai_ckn_l',1),(573,249,'bbq_ckn_l',1),(574,249,'calabrese_s',1),(575,250,'four_cheese_m',1),(576,251,'mexicana_m',1),(577,252,'prsc_argla_m',1),(578,253,'brie_carre_s',1),(579,254,'bbq_ckn_l',1),(580,254,'brie_carre_s',1),(581,254,'five_cheese_l',1),(582,255,'five_cheese_l',1),(583,255,'green_garden_m',1),(584,255,'hawaiian_l',1),(585,255,'spinach_fet_m',1),(586,256,'pep_msh_pep_l',1),(587,257,'cali_ckn_l',1),(588,257,'ckn_alfredo_l',1),(589,258,'classic_dlx_m',1),(590,259,'pepperoni_l',1),(591,260,'five_cheese_l',1),(592,260,'the_greek_l',1),(593,261,'brie_carre_s',1),(594,262,'cali_ckn_m',1),(595,263,'spin_pesto_l',1),(596,264,'mexicana_m',1),(597,265,'ckn_alfredo_m',1),(598,265,'mexicana_l',1),(599,265,'sicilian_m',1),(600,265,'spicy_ital_l',1),(601,266,'peppr_salami_m',1),(602,267,'four_cheese_l',1),(603,267,'mediterraneo_l',1),(604,267,'napolitana_s',1),(605,268,'ital_supr_l',1),(606,268,'pepperoni_s',1),(607,269,'ckn_alfredo_m',1),(608,270,'southw_ckn_l',1),(609,270,'spin_pesto_l',1),(610,270,'thai_ckn_l',1),(611,271,'big_meat_s',1),(612,271,'cali_ckn_m',2),(613,271,'ckn_alfredo_m',2),(614,271,'ckn_pesto_l',2),(615,271,'classic_dlx_m',1),(616,271,'ital_supr_m',1),(617,271,'sicilian_s',1),(618,271,'soppressata_m',1),(619,271,'southw_ckn_m',1),(620,271,'the_greek_s',1),(621,272,'ital_supr_m',1),(622,273,'soppressata_s',1),(623,274,'four_cheese_l',1),(624,274,'thai_ckn_l',1),(625,275,'classic_dlx_l',1),(626,275,'five_cheese_l',1),(627,275,'pepperoni_s',1),(628,275,'sicilian_m',1),(629,276,'five_cheese_l',1),(630,276,'spicy_ital_l',1),(631,277,'four_cheese_m',1),(632,278,'ital_veggie_m',1),(633,278,'southw_ckn_l',1),(634,279,'cali_ckn_m',1),(635,279,'ckn_alfredo_m',1),(636,280,'prsc_argla_m',1),(637,280,'veggie_veg_m',1),(638,281,'sicilian_s',1),(639,282,'classic_dlx_s',1),(640,282,'five_cheese_l',1),(641,282,'peppr_salami_l',1),(642,282,'spin_pesto_l',1),(643,283,'napolitana_m',1),(644,284,'four_cheese_m',1),(645,284,'hawaiian_s',1),(646,284,'napolitana_m',1),(647,285,'prsc_argla_l',1),(648,286,'ital_supr_m',1),(649,286,'peppr_salami_l',1),(650,287,'ital_supr_m',1),(651,287,'pep_msh_pep_m',1),(652,287,'pepperoni_m',1),(653,287,'sicilian_s',1),(654,288,'brie_carre_s',1),(655,288,'prsc_argla_l',1),(656,288,'spinach_supr_l',1),(657,289,'five_cheese_l',1),(658,290,'classic_dlx_s',1),(659,290,'veggie_veg_m',1),(660,291,'bbq_ckn_l',1),(661,291,'ckn_alfredo_m',2),(662,291,'four_cheese_m',1),(663,292,'spin_pesto_m',1),(664,292,'spinach_fet_l',1),(665,293,'classic_dlx_s',1),(666,293,'ital_veggie_s',1),(667,294,'bbq_ckn_m',1),(668,294,'ital_supr_l',1),(669,294,'thai_ckn_l',1),(670,295,'cali_ckn_m',1),(671,296,'green_garden_s',1),(672,296,'ital_cpcllo_s',1),(673,296,'thai_ckn_m',1),(674,297,'southw_ckn_m',1),(675,298,'cali_ckn_m',1),(676,298,'cali_ckn_s',1),(677,298,'ckn_alfredo_m',1),(678,298,'classic_dlx_s',1),(679,299,'classic_dlx_s',1),(680,299,'spinach_fet_m',1),(681,300,'big_meat_s',1),(682,300,'ital_cpcllo_s',1),(683,300,'ital_veggie_s',1),(684,300,'spinach_supr_s',1),(685,301,'napolitana_l',1),(686,302,'peppr_salami_l',1),(687,303,'big_meat_s',1),(688,303,'ital_cpcllo_m',1),(689,303,'pepperoni_s',1),(690,304,'hawaiian_s',1),(691,304,'mexicana_l',1),(692,305,'pepperoni_l',1),(693,305,'sicilian_s',1),(694,305,'spicy_ital_m',1),(695,306,'big_meat_s',1),(696,306,'hawaiian_s',1),(697,306,'napolitana_m',1),(698,307,'classic_dlx_l',1),(699,307,'thai_ckn_m',1),(700,308,'hawaiian_l',1),(701,308,'pep_msh_pep_l',1),(702,308,'thai_ckn_s',1),(703,309,'five_cheese_l',1),(704,309,'peppr_salami_m',1),(705,310,'hawaiian_s',1),(706,310,'thai_ckn_s',1),(707,311,'sicilian_l',1),(708,312,'big_meat_s',1),(709,312,'brie_carre_s',1),(710,312,'ckn_alfredo_m',1),(711,312,'sicilian_m',1),(712,313,'classic_dlx_m',1),(713,314,'calabrese_m',1),(714,314,'five_cheese_l',1),(715,314,'green_garden_m',1),(716,314,'hawaiian_m',1),(717,314,'veggie_veg_m',1),(718,315,'classic_dlx_m',1),(719,316,'hawaiian_s',1),(720,316,'ital_supr_m',1),(721,317,'cali_ckn_s',1),(722,317,'classic_dlx_m',1),(723,317,'four_cheese_l',1),(724,317,'hawaiian_s',1),(725,317,'pep_msh_pep_l',1),(726,317,'prsc_argla_s',1),(727,317,'spinach_fet_s',1),(728,318,'ital_cpcllo_l',1),(729,318,'mexicana_l',1),(730,318,'soppressata_s',1),(731,318,'spicy_ital_l',1),(732,319,'ital_supr_m',1),(733,320,'cali_ckn_m',1),(734,320,'ckn_pesto_l',1),(735,321,'ital_supr_l',1),(736,322,'cali_ckn_l',1),(737,322,'ckn_pesto_l',1),(738,322,'classic_dlx_s',1),(739,322,'thai_ckn_l',1),(740,323,'classic_dlx_m',1),(741,324,'five_cheese_l',1),(742,325,'classic_dlx_s',1),(743,325,'veggie_veg_s',1),(744,326,'cali_ckn_m',1),(745,326,'spinach_supr_l',1),(746,327,'classic_dlx_m',1),(747,328,'mediterraneo_l',1),(748,329,'spicy_ital_l',1),(749,329,'spinach_supr_m',1),(750,330,'big_meat_s',1),(751,330,'ckn_alfredo_m',1),(752,330,'classic_dlx_m',1),(753,330,'classic_dlx_s',1),(754,330,'five_cheese_l',1),(755,330,'four_cheese_l',2),(756,330,'hawaiian_l',1),(757,330,'pep_msh_pep_l',1),(758,330,'peppr_salami_s',1),(759,330,'sicilian_l',1),(760,330,'spicy_ital_l',1),(761,330,'spicy_ital_m',1),(762,330,'spinach_fet_l',1),(763,330,'the_greek_m',1),(764,331,'prsc_argla_m',1),(765,332,'sicilian_m',1),(766,332,'southw_ckn_l',1),(767,332,'thai_ckn_m',1),(768,333,'ckn_alfredo_m',1),(769,334,'calabrese_l',1),(770,334,'pepperoni_m',1),(771,334,'southw_ckn_m',1),(772,334,'thai_ckn_l',1),(773,335,'mediterraneo_l',1),(774,336,'prsc_argla_l',1),(775,337,'hawaiian_l',1),(776,337,'pepperoni_l',1),(777,338,'mexicana_l',1),(778,338,'thai_ckn_l',1),(779,338,'the_greek_xl',1),(780,339,'spicy_ital_m',1),(781,340,'peppr_salami_s',1),(782,341,'bbq_ckn_m',1),(783,341,'pepperoni_s',1),(784,342,'sicilian_l',1),(785,342,'southw_ckn_l',1),(786,343,'five_cheese_l',1),(787,343,'four_cheese_m',1),(788,344,'ital_cpcllo_m',1),(789,345,'peppr_salami_s',1),(790,345,'spinach_fet_s',1),(791,346,'green_garden_s',1),(792,346,'hawaiian_s',1),(793,346,'ital_cpcllo_l',1),(794,346,'napolitana_s',1),(795,347,'spinach_fet_l',1),(796,347,'thai_ckn_l',1),(797,347,'veggie_veg_m',1),(798,348,'classic_dlx_m',1),(799,348,'thai_ckn_l',1),(800,348,'thai_ckn_s',1),(801,349,'pepperoni_l',1),(802,350,'classic_dlx_l',1),(803,350,'pepperoni_m',2),(804,350,'spicy_ital_s',1),(805,351,'big_meat_s',1),(806,351,'hawaiian_m',1),(807,352,'big_meat_s',1),(808,352,'ital_cpcllo_l',1),(809,353,'bbq_ckn_l',1),(810,353,'cali_ckn_l',1),(811,353,'prsc_argla_s',1),(812,354,'green_garden_s',1),(813,354,'veggie_veg_l',1),(814,355,'ckn_alfredo_m',1),(815,355,'ital_supr_m',1),(816,356,'ckn_alfredo_m',1),(817,357,'cali_ckn_l',1),(818,357,'southw_ckn_s',1),(819,357,'spinach_fet_s',1),(820,358,'ital_supr_m',1),(821,359,'green_garden_m',1),(822,359,'thai_ckn_l',1),(823,360,'bbq_ckn_l',1),(824,360,'green_garden_s',1),(825,360,'hawaiian_s',1),(826,361,'big_meat_s',2),(827,361,'ital_cpcllo_s',1),(828,362,'bbq_ckn_m',1),(829,362,'mexicana_l',1),(830,363,'mediterraneo_l',1),(831,363,'mexicana_l',1),(832,364,'ital_supr_m',1),(833,364,'the_greek_xl',1),(834,365,'four_cheese_m',1),(835,365,'mediterraneo_l',1),(836,365,'pepperoni_m',1),(837,366,'ital_cpcllo_l',1),(838,367,'hawaiian_l',1),(839,367,'spinach_fet_m',1),(840,368,'spin_pesto_m',1),(841,368,'thai_ckn_l',1),(842,369,'spinach_fet_m',1),(843,370,'four_cheese_l',1),(844,370,'hawaiian_s',1),(845,371,'pepperoni_m',1),(846,372,'spinach_fet_s',1),(847,373,'ckn_pesto_s',1),(848,373,'classic_dlx_m',1),(849,373,'sicilian_l',1),(850,374,'big_meat_s',1),(851,374,'ckn_alfredo_m',1),(852,374,'peppr_salami_s',1),(853,375,'mexicana_m',1),(854,376,'the_greek_xl',1),(855,376,'veggie_veg_l',1),(856,377,'hawaiian_m',1),(857,377,'thai_ckn_l',1),(858,378,'ital_veggie_s',1),(859,379,'thai_ckn_l',1),(860,380,'calabrese_m',1),(861,380,'cali_ckn_m',1),(862,381,'southw_ckn_m',1),(863,382,'thai_ckn_s',1),(864,382,'veggie_veg_m',1),(865,383,'spicy_ital_m',1),(866,384,'hawaiian_s',1),(867,384,'ital_cpcllo_m',1),(868,384,'mediterraneo_m',1),(869,384,'the_greek_s',1),(870,385,'veggie_veg_l',1),(871,386,'ital_veggie_s',1),(872,386,'soppressata_m',1),(873,386,'thai_ckn_m',1),(874,387,'bbq_ckn_s',1),(875,387,'big_meat_s',1),(876,387,'ckn_pesto_m',1),(877,387,'five_cheese_l',1),(878,387,'pepperoni_s',1),(879,387,'spicy_ital_l',1),(880,387,'spinach_fet_s',1),(881,388,'bbq_ckn_s',1),(882,388,'ckn_alfredo_m',1),(883,388,'mediterraneo_m',1),(884,388,'veggie_veg_s',1),(885,389,'spin_pesto_l',1),(886,390,'pep_msh_pep_l',1),(887,391,'the_greek_m',1),(888,392,'big_meat_s',1),(889,392,'calabrese_s',1),(890,392,'cali_ckn_l',1),(891,392,'pepperoni_s',2),(892,392,'prsc_argla_l',1),(893,392,'sicilian_l',1),(894,392,'soppressata_l',1),(895,392,'spicy_ital_l',1),(896,393,'green_garden_s',1),(897,393,'hawaiian_l',1),(898,394,'big_meat_s',1),(899,394,'ckn_pesto_s',1),(900,394,'hawaiian_l',1),(901,394,'hawaiian_s',1),(902,394,'pep_msh_pep_l',1),(903,394,'pepperoni_m',3),(904,394,'pepperoni_s',1),(905,394,'sicilian_l',1),(906,394,'spicy_ital_l',1),(907,394,'spin_pesto_s',1),(908,394,'thai_ckn_l',1),(909,394,'veggie_veg_s',1),(910,395,'napolitana_m',1),(911,396,'spinach_fet_s',1),(912,397,'five_cheese_l',2),(913,397,'hawaiian_l',1),(914,397,'pepperoni_m',1),(915,398,'pepperoni_s',1),(916,399,'bbq_ckn_m',1),(917,399,'cali_ckn_l',1),(918,399,'four_cheese_m',1),(919,399,'the_greek_m',1),(920,400,'pepperoni_m',1),(921,400,'thai_ckn_l',1),(922,401,'veggie_veg_m',1),(923,402,'four_cheese_l',1),(924,402,'ital_supr_m',1),(925,403,'bbq_ckn_s',1),(926,403,'classic_dlx_l',1),(927,403,'prsc_argla_s',1),(928,404,'ckn_pesto_l',1),(929,405,'sicilian_l',1),(930,406,'ckn_alfredo_m',1),(931,406,'classic_dlx_m',1),(932,406,'ital_veggie_s',1),(933,407,'cali_ckn_m',1),(934,407,'classic_dlx_l',1),(935,407,'pepperoni_m',1),(936,408,'brie_carre_s',1),(937,408,'peppr_salami_m',1),(938,409,'pepperoni_l',1),(939,410,'big_meat_s',2),(940,410,'mediterraneo_m',1),(941,410,'the_greek_xl',1),(942,411,'ital_supr_m',1),(943,411,'southw_ckn_l',1),(944,412,'brie_carre_s',1),(945,412,'spinach_supr_m',1),(946,413,'the_greek_s',1),(947,414,'classic_dlx_s',1),(948,414,'five_cheese_l',1),(949,414,'ital_supr_m',1),(950,415,'cali_ckn_s',1),(951,416,'spinach_fet_l',1),(952,417,'pepperoni_s',1),(953,418,'ckn_pesto_m',1),(954,418,'sicilian_m',1),(955,419,'bbq_ckn_l',1),(956,419,'hawaiian_l',1),(957,419,'ital_veggie_m',1),(958,419,'veggie_veg_s',1),(959,420,'five_cheese_l',1),(960,420,'pep_msh_pep_s',1),(961,421,'bbq_ckn_l',1),(962,421,'calabrese_l',1),(963,421,'ckn_pesto_s',1),(964,422,'four_cheese_l',1),(965,422,'ital_supr_m',1),(966,422,'spinach_fet_m',1),(967,423,'ital_supr_l',1),(968,423,'sicilian_s',1),(969,424,'pepperoni_m',1),(970,425,'soppressata_m',1),(971,426,'classic_dlx_m',1),(972,426,'sicilian_s',1),(973,426,'soppressata_m',1),(974,427,'spinach_fet_l',1),(975,428,'calabrese_l',1),(976,428,'ital_cpcllo_s',1),(977,429,'spicy_ital_m',1),(978,430,'green_garden_m',1),(979,430,'sicilian_s',1),(980,431,'big_meat_s',1),(981,431,'ckn_alfredo_s',1),(982,431,'four_cheese_l',1),(983,431,'hawaiian_l',1),(984,432,'ital_cpcllo_s',1),(985,432,'thai_ckn_l',1),(986,432,'veggie_veg_s',1),(987,433,'spicy_ital_l',1),(988,434,'napolitana_m',1),(989,434,'spicy_ital_l',1),(990,434,'veggie_veg_l',1),(991,435,'classic_dlx_m',1),(992,435,'pep_msh_pep_m',1),(993,435,'spinach_supr_s',1),(994,436,'classic_dlx_l',1),(995,436,'ital_supr_m',1),(996,436,'pep_msh_pep_s',1),(997,436,'peppr_salami_s',1),(998,437,'bbq_ckn_m',1),(999,438,'veggie_veg_m',1),(1000,439,'ckn_alfredo_m',1),(1001,439,'pepperoni_m',1),(1002,439,'the_greek_s',1),(1003,440,'calabrese_m',1),(1004,440,'ckn_alfredo_m',1),(1005,440,'five_cheese_l',1),(1006,440,'four_cheese_l',1),(1007,440,'four_cheese_m',1),(1008,440,'green_garden_l',1),(1009,440,'green_garden_m',1),(1010,440,'hawaiian_l',1),(1011,440,'ital_veggie_l',1),(1012,440,'pepperoni_l',1),(1013,440,'spicy_ital_l',1),(1014,440,'spinach_fet_s',1),(1015,440,'thai_ckn_l',1),(1016,440,'veggie_veg_m',1),(1017,441,'spicy_ital_l',1),(1018,441,'thai_ckn_l',1),(1019,442,'peppr_salami_l',1),(1020,443,'big_meat_s',1),(1021,443,'cali_ckn_m',2),(1022,443,'four_cheese_l',1),(1023,443,'ital_cpcllo_m',1),(1024,443,'ital_veggie_m',1),(1025,443,'mexicana_l',1),(1026,443,'pepperoni_l',1),(1027,443,'sicilian_l',1),(1028,443,'sicilian_m',1),(1029,443,'southw_ckn_m',1),(1030,443,'spicy_ital_l',1),(1031,443,'spicy_ital_s',1),(1032,443,'spinach_supr_m',1),(1033,443,'thai_ckn_m',1),(1034,444,'four_cheese_m',1),(1035,445,'hawaiian_l',1),(1036,446,'big_meat_s',1),(1037,446,'ital_veggie_m',1),(1038,446,'sicilian_l',1),(1039,447,'five_cheese_l',1),(1040,448,'hawaiian_s',1),(1041,448,'pep_msh_pep_m',1),(1042,448,'sicilian_m',1),(1043,449,'thai_ckn_l',1),(1044,450,'big_meat_s',1),(1045,451,'five_cheese_l',1),(1046,451,'ital_cpcllo_m',1),(1047,451,'southw_ckn_l',1),(1048,452,'bbq_ckn_m',1),(1049,452,'big_meat_s',1),(1050,452,'sicilian_m',1),(1051,453,'cali_ckn_s',1),(1052,453,'four_cheese_l',1),(1053,453,'sicilian_m',1),(1054,453,'thai_ckn_l',1),(1055,454,'spicy_ital_m',1),(1056,455,'ital_supr_l',1),(1057,456,'spinach_fet_l',1),(1058,457,'cali_ckn_l',1),(1059,457,'ckn_alfredo_m',1),(1060,457,'classic_dlx_m',1),(1061,458,'prsc_argla_m',1),(1062,458,'spinach_supr_m',1),(1063,458,'the_greek_s',1),(1064,459,'spicy_ital_l',1),(1065,460,'green_garden_s',1),(1066,460,'ital_supr_m',1),(1067,461,'cali_ckn_m',1),(1068,461,'hawaiian_s',1),(1069,462,'spinach_fet_s',1),(1070,463,'bbq_ckn_l',1),(1071,463,'prsc_argla_m',1),(1072,464,'bbq_ckn_l',1),(1073,464,'calabrese_m',1),(1074,465,'napolitana_s',1),(1075,466,'spinach_fet_l',1),(1076,466,'the_greek_xl',1),(1077,467,'prsc_argla_s',1),(1078,468,'four_cheese_l',1),(1079,468,'pepperoni_l',1),(1080,469,'bbq_ckn_m',1),(1081,469,'sicilian_s',1),(1082,470,'veggie_veg_s',1),(1083,471,'ital_veggie_s',1),(1084,472,'ital_veggie_l',1),(1085,472,'ital_veggie_m',1),(1086,473,'hawaiian_l',1),(1087,473,'prsc_argla_m',1),(1088,473,'southw_ckn_m',1),(1089,474,'green_garden_s',1),(1090,474,'pepperoni_s',1),(1091,475,'big_meat_s',1),(1092,475,'thai_ckn_l',1),(1093,476,'pepperoni_m',1),(1094,476,'prsc_argla_l',1),(1095,476,'veggie_veg_m',1),(1096,477,'green_garden_m',1),(1097,477,'mexicana_m',1),(1098,478,'calabrese_m',1),(1099,478,'ckn_alfredo_m',1),(1100,479,'five_cheese_l',1),(1101,479,'ital_cpcllo_l',2),(1102,480,'pepperoni_m',1),(1103,481,'pepperoni_s',1),(1104,481,'spinach_fet_s',1),(1105,482,'green_garden_l',1),(1106,482,'ital_supr_m',1),(1107,482,'spicy_ital_s',1),(1108,483,'bbq_ckn_l',1),(1109,483,'napolitana_s',1),(1110,483,'pep_msh_pep_s',1),(1111,483,'spicy_ital_m',1),(1112,484,'four_cheese_l',1),(1113,484,'mexicana_l',1),(1114,485,'cali_ckn_m',1),(1115,486,'spinach_supr_s',1),(1116,487,'hawaiian_s',1),(1117,487,'sicilian_l',1),(1118,487,'spinach_fet_l',1),(1119,488,'veggie_veg_m',1),(1120,489,'peppr_salami_l',1),(1121,490,'big_meat_s',1),(1122,490,'classic_dlx_m',1),(1123,490,'napolitana_m',1),(1124,491,'napolitana_s',1),(1125,491,'pepperoni_l',1),(1126,491,'peppr_salami_l',1),(1127,491,'prsc_argla_m',1),(1128,492,'ckn_pesto_l',1),(1129,492,'sicilian_m',1),(1130,492,'spinach_fet_m',1),(1131,493,'ital_supr_l',1),(1132,494,'five_cheese_l',1),(1133,494,'four_cheese_l',1),(1134,494,'mexicana_l',1),(1135,494,'southw_ckn_l',1),(1136,495,'ital_supr_m',1),(1137,495,'sicilian_l',1),(1138,496,'hawaiian_l',1),(1139,496,'soppressata_s',1),(1140,497,'veggie_veg_s',1),(1141,498,'ital_supr_m',1),(1142,499,'calabrese_s',1),(1143,499,'four_cheese_l',1),(1144,499,'mexicana_m',1),(1145,499,'pep_msh_pep_m',1),(1146,500,'mediterraneo_m',1),(1147,501,'cali_ckn_s',1),(1148,501,'hawaiian_s',1),(1149,501,'southw_ckn_l',1),(1150,502,'ital_veggie_m',1),(1151,503,'pepperoni_l',1),(1152,503,'sicilian_m',1),(1153,504,'the_greek_l',1),(1154,505,'pepperoni_m',1),(1155,505,'the_greek_xl',1),(1156,506,'spinach_fet_m',1),(1157,507,'ckn_pesto_s',1),(1158,508,'cali_ckn_m',1),(1159,508,'cali_ckn_s',1),(1160,508,'pepperoni_m',1),(1161,509,'spicy_ital_l',1),(1162,510,'classic_dlx_m',1),(1163,510,'classic_dlx_s',1),(1164,510,'ital_supr_l',1),(1165,510,'spicy_ital_l',1),(1166,511,'five_cheese_l',1),(1167,512,'ital_veggie_m',1),(1168,513,'four_cheese_l',1),(1169,513,'ital_veggie_m',1),(1170,513,'pepperoni_l',1),(1171,513,'thai_ckn_l',1),(1172,514,'classic_dlx_s',1),(1173,515,'ckn_pesto_l',1),(1174,515,'mediterraneo_l',1),(1175,516,'napolitana_l',1),(1176,516,'veggie_veg_l',1),(1177,517,'mexicana_m',1),(1178,518,'big_meat_s',1),(1179,518,'prsc_argla_l',1),(1180,518,'sicilian_s',1),(1181,519,'prsc_argla_s',1),(1182,520,'spin_pesto_l',1),(1183,521,'thai_ckn_s',1),(1184,522,'bbq_ckn_s',1),(1185,522,'big_meat_s',1),(1186,522,'classic_dlx_s',1),(1187,522,'five_cheese_l',1),(1188,522,'four_cheese_l',2),(1189,522,'green_garden_s',1),(1190,522,'ital_cpcllo_m',2),(1191,522,'ital_veggie_l',1),(1192,522,'sicilian_l',1),(1193,522,'the_greek_l',1),(1194,522,'the_greek_m',1),(1195,523,'prsc_argla_m',1),(1196,524,'sicilian_s',1),(1197,524,'thai_ckn_m',1),(1198,525,'pepperoni_l',1),(1199,526,'cali_ckn_l',1),(1200,526,'five_cheese_l',1),(1201,527,'four_cheese_l',1),(1202,527,'southw_ckn_l',1),(1203,528,'ital_cpcllo_m',1),(1204,529,'calabrese_m',1),(1205,529,'cali_ckn_m',2),(1206,529,'hawaiian_s',1),(1207,530,'classic_dlx_l',1),(1208,530,'ital_supr_m',1),(1209,531,'peppr_salami_m',2),(1210,532,'peppr_salami_l',1),(1211,532,'soppressata_s',1),(1212,533,'five_cheese_l',1),(1213,533,'spicy_ital_l',1),(1214,533,'the_greek_xl',1),(1215,534,'prsc_argla_l',1),(1216,534,'southw_ckn_l',1),(1217,535,'classic_dlx_m',1),(1218,536,'brie_carre_s',1),(1219,536,'peppr_salami_l',1),(1220,537,'classic_dlx_s',1),(1221,537,'hawaiian_s',1),(1222,537,'ital_supr_l',1),(1223,538,'spinach_supr_l',1),(1224,539,'five_cheese_l',1),(1225,539,'ital_veggie_l',1),(1226,539,'spinach_fet_m',1),(1227,540,'spinach_supr_l',1),(1228,541,'big_meat_s',1),(1229,542,'bbq_ckn_l',1),(1230,542,'prsc_argla_m',1),(1231,543,'ckn_pesto_l',1),(1232,543,'classic_dlx_m',1),(1233,543,'mediterraneo_m',1),(1234,544,'napolitana_m',1),(1235,544,'sicilian_m',1),(1236,545,'pepperoni_l',1),(1237,545,'pepperoni_s',1),(1238,545,'peppr_salami_l',1),(1239,545,'soppressata_l',1),(1240,546,'green_garden_s',1),(1241,547,'big_meat_s',1),(1242,548,'hawaiian_l',1),(1243,549,'big_meat_s',1),(1244,549,'thai_ckn_l',1),(1245,550,'spinach_fet_m',1),(1246,550,'the_greek_m',1),(1247,551,'four_cheese_l',1),(1248,551,'soppressata_m',1),(1249,551,'thai_ckn_l',1),(1250,551,'the_greek_m',1),(1251,552,'ckn_alfredo_m',1),(1252,552,'green_garden_s',1),(1253,552,'ital_supr_l',1),(1254,553,'mexicana_l',1),(1255,554,'ckn_alfredo_m',1),(1256,554,'green_garden_s',1),(1257,555,'bbq_ckn_s',1),(1258,555,'hawaiian_s',1),(1259,556,'four_cheese_l',1),(1260,556,'the_greek_xl',1),(1261,557,'sicilian_s',1),(1262,557,'spicy_ital_s',1),(1263,558,'hawaiian_m',1),(1264,559,'classic_dlx_s',1),(1265,560,'green_garden_m',1),(1266,560,'spicy_ital_m',1),(1267,561,'spinach_supr_s',1),(1268,562,'ckn_alfredo_m',1),(1269,563,'mexicana_l',1),(1270,563,'veggie_veg_s',1),(1271,564,'mediterraneo_s',1),(1272,564,'pepperoni_m',1),(1273,564,'spinach_supr_l',1),(1274,565,'ital_veggie_s',1),(1275,566,'spinach_supr_l',1),(1276,567,'bbq_ckn_l',1),(1277,567,'five_cheese_l',2),(1278,567,'four_cheese_m',1),(1279,567,'pepperoni_m',1),(1280,567,'sicilian_m',1),(1281,567,'sicilian_s',1),(1282,567,'soppressata_l',1),(1283,567,'spicy_ital_l',1),(1284,567,'spinach_supr_m',1),(1285,567,'thai_ckn_s',1),(1286,568,'mexicana_l',1),(1287,569,'bbq_ckn_s',1),(1288,569,'ckn_alfredo_m',1),(1289,569,'classic_dlx_s',1),(1290,570,'green_garden_m',1),(1291,570,'southw_ckn_l',1),(1292,571,'big_meat_s',1),(1293,572,'southw_ckn_m',1),(1294,573,'classic_dlx_m',1),(1295,573,'five_cheese_l',1),(1296,574,'ital_veggie_m',1),(1297,575,'classic_dlx_l',1),(1298,575,'napolitana_l',1),(1299,575,'pepperoni_l',1),(1300,575,'spinach_fet_m',1),(1301,576,'big_meat_s',1),(1302,576,'ckn_alfredo_m',1),(1303,576,'spinach_fet_s',1),(1304,577,'spinach_fet_m',1),(1305,577,'veggie_veg_l',1),(1306,578,'bbq_ckn_s',1),(1307,578,'calabrese_m',1),(1308,578,'pepperoni_l',1),(1309,578,'peppr_salami_m',1),(1310,578,'the_greek_xl',1),(1311,579,'green_garden_s',1),(1312,580,'hawaiian_m',1),(1313,580,'southw_ckn_m',1),(1314,581,'mexicana_l',1),(1315,582,'mediterraneo_l',1),(1316,583,'ital_supr_l',1),(1317,584,'sicilian_s',1),(1318,584,'soppressata_s',1),(1319,585,'brie_carre_s',1),(1320,585,'mexicana_l',1),(1321,586,'ital_cpcllo_m',1),(1322,586,'southw_ckn_m',1),(1323,587,'peppr_salami_l',1),(1324,587,'peppr_salami_s',1),(1325,588,'cali_ckn_s',1),(1326,589,'ital_supr_s',1),(1327,589,'mediterraneo_m',1),(1328,589,'veggie_veg_s',1),(1329,590,'five_cheese_l',1),(1330,591,'four_cheese_l',1),(1331,591,'southw_ckn_s',1),(1332,591,'spin_pesto_l',1),(1333,592,'ital_veggie_s',1),(1334,592,'pep_msh_pep_m',1),(1335,592,'thai_ckn_l',1),(1336,593,'cali_ckn_l',1),(1337,593,'spicy_ital_l',1),(1338,594,'calabrese_l',1),(1339,595,'classic_dlx_l',1),(1340,595,'prsc_argla_m',1),(1341,596,'pep_msh_pep_s',1),(1342,596,'soppressata_s',1),(1343,597,'cali_ckn_l',1),(1344,597,'prsc_argla_m',1),(1345,597,'spicy_ital_m',1),(1346,598,'prsc_argla_l',1),(1347,599,'peppr_salami_l',1),(1348,600,'classic_dlx_s',1),(1349,600,'four_cheese_l',1),(1350,600,'mediterraneo_m',1),(1351,600,'mexicana_m',1),(1352,601,'bbq_ckn_l',1),(1353,601,'classic_dlx_s',1),(1354,601,'spin_pesto_m',1),(1355,602,'peppr_salami_l',1),(1356,603,'mexicana_m',1),(1357,604,'soppressata_s',1),(1358,604,'spinach_supr_m',1),(1359,605,'pepperoni_m',1),(1360,605,'the_greek_xl',1),(1361,606,'pepperoni_l',1),(1362,607,'bbq_ckn_m',1),(1363,607,'ital_supr_m',1),(1364,607,'spinach_supr_l',1),(1365,608,'hawaiian_l',1),(1366,608,'pepperoni_m',1),(1367,608,'thai_ckn_l',1),(1368,608,'thai_ckn_s',1),(1369,609,'four_cheese_l',1),(1370,610,'big_meat_s',1),(1371,610,'pepperoni_l',1),(1372,611,'five_cheese_l',1),(1373,611,'mexicana_s',1),(1374,611,'southw_ckn_m',1),(1375,611,'the_greek_xl',1),(1376,612,'big_meat_s',1),(1377,612,'ital_supr_l',1),(1378,612,'mexicana_l',1),(1379,612,'soppressata_s',1),(1380,613,'napolitana_s',1),(1381,614,'peppr_salami_l',1),(1382,615,'cali_ckn_l',1),(1383,615,'pep_msh_pep_m',1),(1384,616,'prsc_argla_l',1),(1385,616,'veggie_veg_m',1),(1386,617,'ckn_pesto_l',1),(1387,617,'southw_ckn_m',1),(1388,618,'prsc_argla_m',1),(1389,618,'spin_pesto_m',1),(1390,619,'ital_cpcllo_l',1),(1391,620,'bbq_ckn_l',1),(1392,620,'cali_ckn_m',1),(1393,620,'peppr_salami_m',1),(1394,620,'the_greek_s',1),(1395,621,'calabrese_m',1),(1396,621,'four_cheese_l',1),(1397,621,'mexicana_l',1),(1398,621,'spicy_ital_l',1),(1399,622,'ital_supr_m',1),(1400,622,'spicy_ital_l',1),(1401,623,'cali_ckn_l',1),(1402,623,'hawaiian_l',1),(1403,624,'cali_ckn_m',1),(1404,624,'veggie_veg_m',1),(1405,625,'spinach_fet_l',1),(1406,625,'spinach_supr_m',1),(1407,626,'classic_dlx_m',1),(1408,626,'four_cheese_m',1),(1409,627,'the_greek_l',1),(1410,627,'the_greek_m',1),(1411,628,'classic_dlx_l',1),(1412,628,'ital_veggie_s',1),(1413,628,'the_greek_s',1),(1414,628,'veggie_veg_s',1),(1415,629,'calabrese_m',1),(1416,629,'five_cheese_l',1),(1417,629,'pep_msh_pep_m',1),(1418,629,'spin_pesto_l',1),(1419,630,'sicilian_s',1),(1420,631,'pepperoni_l',1),(1421,632,'classic_dlx_s',1),(1422,633,'mediterraneo_l',1),(1423,633,'pepperoni_l',1),(1424,633,'peppr_salami_l',1),(1425,634,'pepperoni_l',1),(1426,635,'calabrese_l',1),(1427,635,'cali_ckn_s',2),(1428,635,'hawaiian_s',1),(1429,635,'mexicana_l',1),(1430,635,'pepperoni_m',1),(1431,635,'pepperoni_s',1),(1432,635,'peppr_salami_s',1),(1433,635,'sicilian_s',1),(1434,635,'spinach_fet_l',1),(1435,635,'spinach_fet_s',1),(1436,636,'classic_dlx_m',1),(1437,637,'the_greek_l',1),(1438,637,'veggie_veg_m',1),(1439,638,'mexicana_l',1),(1440,639,'pep_msh_pep_m',1),(1441,640,'cali_ckn_s',1),(1442,640,'ckn_pesto_l',1),(1443,640,'napolitana_s',1),(1444,641,'pepperoni_m',1),(1445,641,'southw_ckn_l',1),(1446,641,'spin_pesto_m',1),(1447,641,'spinach_fet_s',1),(1448,642,'calabrese_m',1),(1449,642,'cali_ckn_l',1),(1450,642,'ital_supr_l',1),(1451,642,'soppressata_l',1),(1452,643,'spinach_fet_m',1),(1453,644,'ital_supr_l',1),(1454,644,'peppr_salami_m',1),(1455,645,'bbq_ckn_m',1),(1456,645,'big_meat_s',1),(1457,646,'hawaiian_s',1),(1458,646,'thai_ckn_l',1),(1459,647,'hawaiian_s',1),(1460,648,'four_cheese_l',1),(1461,648,'pepperoni_m',1),(1462,649,'cali_ckn_s',1),(1463,649,'pepperoni_m',1),(1464,649,'peppr_salami_m',1),(1465,649,'sicilian_s',1),(1466,650,'pepperoni_m',1),(1467,651,'bbq_ckn_s',1),(1468,651,'calabrese_m',1),(1469,651,'pepperoni_m',1),(1470,652,'big_meat_s',1),(1471,652,'ckn_alfredo_m',1),(1472,652,'ckn_pesto_s',1),(1473,652,'prsc_argla_s',1),(1474,653,'thai_ckn_s',1),(1475,654,'mexicana_l',1),(1476,654,'sicilian_l',1),(1477,654,'spin_pesto_m',1),(1478,655,'ital_supr_m',1),(1479,656,'thai_ckn_l',1),(1480,656,'veggie_veg_l',1),(1481,657,'bbq_ckn_m',1),(1482,657,'classic_dlx_m',1),(1483,658,'napolitana_m',1),(1484,658,'peppr_salami_s',1),(1485,658,'veggie_veg_m',1),(1486,659,'ital_supr_m',1),(1487,659,'sicilian_l',1),(1488,660,'bbq_ckn_s',1),(1489,660,'ital_supr_m',1),(1490,661,'napolitana_s',1),(1491,662,'bbq_ckn_l',1),(1492,662,'prsc_argla_s',1),(1493,663,'four_cheese_l',1),(1494,664,'calabrese_m',1),(1495,664,'ital_supr_l',1),(1496,664,'pepperoni_l',1),(1497,665,'bbq_ckn_m',1),(1498,665,'mediterraneo_s',1),(1499,666,'hawaiian_l',1),(1500,667,'big_meat_s',1),(1501,667,'pepperoni_s',1),(1502,668,'ital_supr_m',1),(1503,668,'mexicana_l',1),(1504,668,'peppr_salami_l',1),(1505,668,'spicy_ital_m',1),(1506,669,'ital_cpcllo_l',1),(1507,669,'mexicana_l',1),(1508,670,'ital_cpcllo_s',1),(1509,670,'soppressata_m',1),(1510,671,'ckn_pesto_s',1),(1511,672,'green_garden_m',1),(1512,672,'spicy_ital_l',1),(1513,673,'soppressata_l',1),(1514,673,'thai_ckn_m',1),(1515,674,'ckn_pesto_m',1),(1516,674,'mexicana_l',1),(1517,674,'prsc_argla_s',1),(1518,674,'spinach_fet_m',1),(1519,675,'napolitana_l',1),(1520,676,'mexicana_l',1),(1521,676,'veggie_veg_m',1),(1522,677,'peppr_salami_l',1),(1523,678,'mexicana_s',1),(1524,678,'napolitana_m',1),(1525,678,'spicy_ital_m',2),(1526,679,'brie_carre_s',1),(1527,679,'four_cheese_m',1),(1528,679,'ital_supr_l',1),(1529,679,'mediterraneo_l',1),(1530,680,'ckn_pesto_s',1),(1531,680,'sicilian_m',1),(1532,681,'peppr_salami_l',1),(1533,682,'ital_supr_l',1),(1534,683,'ckn_pesto_l',1),(1535,683,'ital_veggie_s',1),(1536,683,'peppr_salami_m',1);
/*!40000 ALTER TABLE `order_details` ENABLE KEYS */;
UNLOCK TABLES;

--
-- Table structure for table `orders`
--

DROP TABLE IF EXISTS `orders`;
/*!40101 SET @saved_cs_client     = @@character_set_client */;
/*!50503 SET character_set_client = utf8mb4 */;
CREATE TABLE `orders` (
  `order_id` int NOT NULL,
  `order_date` date NOT NULL,
  `order_time` time NOT NULL,
  PRIMARY KEY (`order_id`)
) ENGINE=InnoDB DEFAULT CHARSET=utf8mb4 COLLATE=utf8mb4_0900_ai_ci;
/*!40101 SET character_set_client = @saved_cs_client */;

--
-- Dumping data for table `orders`
--

LOCK TABLES `orders` WRITE;
/*!40000 ALTER TABLE `orders` DISABLE KEYS */;
INSERT INTO `orders` VALUES (1,'2015-01-01','11:38:36'),(2,'2015-01-01','11:57:40'),(3,'2015-01-01','12:12:28'),(4,'2015-01-01','12:16:31'),(5,'2015-01-01','12:21:30'),(6,'2015-01-01','12:29:36'),(7,'2015-01-01','12:50:37'),(8,'2015-01-01','12:51:37'),(9,'2015-01-01','12:52:01'),(10,'2015-01-01','13:00:15'),(11,'2015-01-01','13:02:59'),(12,'2015-01-01','13:04:41'),(13,'2015-01-01','13:11:55'),(14,'2015-01-01','13:14:19'),(15,'2015-01-01','13:33:00'),(16,'2015-01-01','13:34:07'),(17,'2015-01-01','13:53:00'),(18,'2015-01-01','13:57:08'),(19,'2015-01-01','13:59:09'),(20,'2015-01-01','14:03:08'),(21,'2015-01-01','14:14:29'),(22,'2015-01-01','14:16:26'),(23,'2015-01-01','14:19:03'),(24,'2015-01-01','14:23:01'),(25,'2015-01-01','14:44:44'),(26,'2015-01-01','14:54:26'),(27,'2015-01-01','15:11:17'),(28,'2015-01-01','15:35:46'),(29,'2015-01-01','15:41:01'),(30,'2015-01-01','15:41:25'),(31,'2015-01-01','15:50:18'),(32,'2015-01-01','15:53:18'),(33,'2015-01-01','15:54:08'),(34,'2015-01-01','16:21:21'),(35,'2015-01-01','16:32:04'),(36,'2015-01-01','16:54:09'),(37,'2015-01-01','16:56:09'),(38,'2015-01-01','17:03:00'),(39,'2015-01-01','17:07:23'),(40,'2015-01-01','17:14:36'),(41,'2015-01-01','17:15:20'),(42,'2015-01-01','17:28:09'),(43,'2015-01-01','17:38:34'),(44,'2015-01-01','17:54:20'),(45,'2015-01-01','17:55:48'),(46,'2015-01-01','18:25:51'),(47,'2015-01-01','18:26:34'),(48,'2015-01-01','18:26:42'),(49,'2015-01-01','18:33:00'),(50,'2015-01-01','18:41:01'),(51,'2015-01-01','18:48:28'),(52,'2015-01-01','18:53:02'),(53,'2015-01-01','18:54:17'),(54,'2015-01-01','19:01:45'),(55,'2015-01-01','19:03:19'),(56,'2015-01-01','19:07:00'),(57,'2015-01-01','19:10:51'),(58,'2015-01-01','19:30:40'),(59,'2015-01-01','19:40:08'),(60,'2015-01-01','20:05:16'),(61,'2015-01-01','20:08:43'),(62,'2015-01-01','20:50:16'),(63,'2015-01-01','20:51:42'),(64,'2015-01-01','20:52:08'),(65,'2015-01-01','21:16:00'),(66,'2015-01-01','21:47:55'),(67,'2015-01-01','22:03:40'),(68,'2015-01-01','22:07:32'),(69,'2015-01-01','22:12:13'),(70,'2015-01-02','11:38:51'),(71,'2015-01-02','11:40:50'),(72,'2015-01-02','11:57:25'),(73,'2015-01-02','11:58:56'),(74,'2015-01-02','12:01:12'),(75,'2015-01-02','12:10:15'),(76,'2015-01-02','12:21:17'),(77,'2015-01-02','12:22:46'),(78,'2015-01-02','12:28:14'),(79,'2015-01-02','12:29:11'),(80,'2015-01-02','12:35:38'),(81,'2015-01-02','12:40:01'),(82,'2015-01-02','12:45:51'),(83,'2015-01-02','12:53:27'),(84,'2015-01-02','13:13:41'),(85,'2015-01-02','13:34:49'),(86,'2015-01-02','13:40:31'),(87,'2015-01-02','14:01:02'),(88,'2015-01-02','14:10:08'),(89,'2015-01-02','14:30:19'),(90,'2015-01-02','15:08:48'),(91,'2015-01-02','15:14:43'),(92,'2015-01-02','15:17:02'),(93,'2015-01-02','15:29:31'),(94,'2015-01-02','16:17:16'),(95,'2015-01-02','16:18:04'),(96,'2015-01-02','16:21:20'),(97,'2015-01-02','16:45:33'),(98,'2015-01-02','17:18:18'),(99,'2015-01-02','17:45:42'),(100,'2015-01-02','17:46:17'),(101,'2015-01-02','17:51:33'),(102,'2015-01-02','17:54:04'),(103,'2015-01-02','18:02:09'),(104,'2015-01-02','18:02:12'),(105,'2015-01-02','18:12:01'),(106,'2015-01-02','18:12:13'),(107,'2015-01-02','18:25:09'),(108,'2015-01-02','18:25:25'),(109,'2015-01-02','18:27:50'),(110,'2015-01-02','18:36:19'),(111,'2015-01-02','18:38:01'),(112,'2015-01-02','18:41:40'),(113,'2015-01-02','18:50:21'),(114,'2015-01-02','18:59:32'),(115,'2015-01-02','19:05:17'),(116,'2015-01-02','19:18:49'),(117,'2015-01-02','19:23:02'),(118,'2015-01-02','19:26:59'),(119,'2015-01-02','19:32:29'),(120,'2015-01-02','19:35:07'),(121,'2015-01-02','19:38:48'),(122,'2015-01-02','19:50:19'),(123,'2015-01-02','20:12:09'),(124,'2015-01-02','20:12:34'),(125,'2015-01-02','20:31:06'),(126,'2015-01-02','20:53:42'),(127,'2015-01-02','20:58:23'),(128,'2015-01-02','21:05:06'),(129,'2015-01-02','21:13:02'),(130,'2015-01-02','21:14:55'),(131,'2015-01-02','21:33:10'),(132,'2015-01-02','21:42:45'),(133,'2015-01-02','22:00:17'),(134,'2015-01-02','22:13:24'),(135,'2015-01-02','22:29:34'),(136,'2015-01-02','22:32:49'),(137,'2015-01-03','11:34:10'),(138,'2015-01-03','11:44:50'),(139,'2015-01-03','11:57:39'),(140,'2015-01-03','12:26:44'),(141,'2015-01-03','13:16:01'),(142,'2015-01-03','13:33:59'),(143,'2015-01-03','13:41:36'),(144,'2015-01-03','13:44:28'),(145,'2015-01-03','13:53:48'),(146,'2015-01-03','14:22:10'),(147,'2015-01-03','14:32:51'),(148,'2015-01-03','14:40:42'),(149,'2015-01-03','14:48:45'),(150,'2015-01-03','14:49:58'),(151,'2015-01-03','15:09:34'),(152,'2015-01-03','15:09:42'),(153,'2015-01-03','15:16:34'),(154,'2015-01-03','15:22:43'),(155,'2015-01-03','15:28:59'),(156,'2015-01-03','15:42:19'),(157,'2015-01-03','15:43:03'),(158,'2015-01-03','15:54:30'),(159,'2015-01-03','15:59:22'),(160,'2015-01-03','16:35:33'),(161,'2015-01-03','16:43:46'),(162,'2015-01-03','16:51:22'),(163,'2015-01-03','16:54:54'),(164,'2015-01-03','16:56:33'),(165,'2015-01-03','16:57:37'),(166,'2015-01-03','16:58:51'),(167,'2015-01-03','17:00:49'),(168,'2015-01-03','17:02:27'),(169,'2015-01-03','17:15:48'),(170,'2015-01-03','17:21:31'),(171,'2015-01-03','17:23:03'),(172,'2015-01-03','17:29:24'),(173,'2015-01-03','17:35:30'),(174,'2015-01-03','17:37:49'),(175,'2015-01-03','17:50:51'),(176,'2015-01-03','17:51:57'),(177,'2015-01-03','17:54:36'),(178,'2015-01-03','18:15:03'),(179,'2015-01-03','18:20:14'),(180,'2015-01-03','18:33:34'),(181,'2015-01-03','18:49:32'),(182,'2015-01-03','18:50:10'),(183,'2015-01-03','18:54:55'),(184,'2015-01-03','18:59:05'),(185,'2015-01-03','19:08:33'),(186,'2015-01-03','19:36:00'),(187,'2015-01-03','19:37:12'),(188,'2015-01-03','20:08:39'),(189,'2015-01-03','20:12:14'),(190,'2015-01-03','20:14:23'),(191,'2015-01-03','20:24:50'),(192,'2015-01-03','20:30:08'),(193,'2015-01-03','20:55:47'),(194,'2015-01-03','21:21:24'),(195,'2015-01-03','21:25:20'),(196,'2015-01-03','21:40:14'),(197,'2015-01-03','21:47:48'),(198,'2015-01-03','21:55:42'),(199,'2015-01-03','22:10:38'),(200,'2015-01-03','22:24:05'),(201,'2015-01-03','22:29:59'),(202,'2015-01-03','22:50:29'),(203,'2015-01-04','11:30:48'),(204,'2015-01-04','11:36:25'),(205,'2015-01-04','11:43:54'),(206,'2015-01-04','11:45:10'),(207,'2015-01-04','12:03:58'),(208,'2015-01-04','12:12:05'),(209,'2015-01-04','12:29:17'),(210,'2015-01-04','12:34:13'),(211,'2015-01-04','12:54:20'),(212,'2015-01-04','13:16:03'),(213,'2015-01-04','13:20:39'),(214,'2015-01-04','13:39:16'),(215,'2015-01-04','13:44:49'),(216,'2015-01-04','14:31:56'),(217,'2015-01-04','14:35:03'),(218,'2015-01-04','14:35:11'),(219,'2015-01-04','14:42:01'),(220,'2015-01-04','15:31:59'),(221,'2015-01-04','15:33:18'),(222,'2015-01-04','15:46:38'),(223,'2015-01-04','16:08:20'),(224,'2015-01-04','16:39:58'),(225,'2015-01-04','16:41:48'),(226,'2015-01-04','16:59:39'),(227,'2015-01-04','17:24:39'),(228,'2015-01-04','17:31:24'),(229,'2015-01-04','17:37:57'),(230,'2015-01-04','17:58:38'),(231,'2015-01-04','18:04:18'),(232,'2015-01-04','18:21:59'),(233,'2015-01-04','18:26:51'),(234,'2015-01-04','18:36:09'),(235,'2015-01-04','18:51:30'),(236,'2015-01-04','19:21:04'),(237,'2015-01-04','19:27:48'),(238,'2015-01-04','19:45:15'),(239,'2015-01-04','19:57:52'),(240,'2015-01-04','20:10:24'),(241,'2015-01-04','20:11:25'),(242,'2015-01-04','20:15:29'),(243,'2015-01-04','20:26:17'),(244,'2015-01-04','20:26:22'),(245,'2015-01-04','20:28:41'),(246,'2015-01-04','20:30:48'),(247,'2015-01-04','20:55:29'),(248,'2015-01-04','20:58:19'),(249,'2015-01-04','21:06:16'),(250,'2015-01-04','21:07:05'),(251,'2015-01-04','21:10:05'),(252,'2015-01-04','22:13:15'),(253,'2015-01-04','22:16:18'),(254,'2015-01-04','22:22:13'),(255,'2015-01-05','11:23:35'),(256,'2015-01-05','11:56:06'),(257,'2015-01-05','11:59:04'),(258,'2015-01-05','11:59:23'),(259,'2015-01-05','12:04:25'),(260,'2015-01-05','12:06:27'),(261,'2015-01-05','12:38:29'),(262,'2015-01-05','12:42:01'),(263,'2015-01-05','12:57:22'),(264,'2015-01-05','13:03:59'),(265,'2015-01-05','13:04:42'),(266,'2015-01-05','13:09:29'),(267,'2015-01-05','13:37:50'),(268,'2015-01-05','13:40:46'),(269,'2015-01-05','13:49:34'),(270,'2015-01-05','14:09:02'),(271,'2015-01-05','14:22:19'),(272,'2015-01-05','14:24:05'),(273,'2015-01-05','14:28:00'),(274,'2015-01-05','14:36:33'),(275,'2015-01-05','14:38:14'),(276,'2015-01-05','15:18:18'),(277,'2015-01-05','15:41:50'),(278,'2015-01-05','15:49:21'),(279,'2015-01-05','16:07:03'),(280,'2015-01-05','16:20:23'),(281,'2015-01-05','16:33:48'),(282,'2015-01-05','16:49:38'),(283,'2015-01-05','16:51:43'),(284,'2015-01-05','16:58:16'),(285,'2015-01-05','16:58:38'),(286,'2015-01-05','17:01:23'),(287,'2015-01-05','17:30:09'),(288,'2015-01-05','17:32:44'),(289,'2015-01-05','17:36:23'),(290,'2015-01-05','17:41:16'),(291,'2015-01-05','17:44:39'),(292,'2015-01-05','17:48:59'),(293,'2015-01-05','17:58:38'),(294,'2015-01-05','18:16:35'),(295,'2015-01-05','18:20:12'),(296,'2015-01-05','18:46:54'),(297,'2015-01-05','19:02:18'),(298,'2015-01-05','19:10:36'),(299,'2015-01-05','19:34:31'),(300,'2015-01-05','19:42:54'),(301,'2015-01-05','19:45:58'),(302,'2015-01-05','19:57:37'),(303,'2015-01-05','20:02:51'),(304,'2015-01-05','20:07:58'),(305,'2015-01-05','20:35:40'),(306,'2015-01-05','20:37:40'),(307,'2015-01-05','21:45:38'),(308,'2015-01-05','21:59:46'),(309,'2015-01-06','11:39:06'),(310,'2015-01-06','11:40:48'),(311,'2015-01-06','11:57:27'),(312,'2015-01-06','12:05:21'),(313,'2015-01-06','12:09:09'),(314,'2015-01-06','12:11:58'),(315,'2015-01-06','12:17:40'),(316,'2015-01-06','12:29:34'),(317,'2015-01-06','12:31:00'),(318,'2015-01-06','12:45:14'),(319,'2015-01-06','12:46:22'),(320,'2015-01-06','12:46:40'),(321,'2015-01-06','12:56:21'),(322,'2015-01-06','13:02:13'),(323,'2015-01-06','13:05:33'),(324,'2015-01-06','13:06:44'),(325,'2015-01-06','13:07:32'),(326,'2015-01-06','13:10:13'),(327,'2015-01-06','13:10:54'),(328,'2015-01-06','13:16:35'),(329,'2015-01-06','13:22:44'),(330,'2015-01-06','13:27:11'),(331,'2015-01-06','13:43:30'),(332,'2015-01-06','14:12:01'),(333,'2015-01-06','14:16:36'),(334,'2015-01-06','14:24:18'),(335,'2015-01-06','14:24:47'),(336,'2015-01-06','14:51:41'),(337,'2015-01-06','15:03:12'),(338,'2015-01-06','15:18:26'),(339,'2015-01-06','15:25:13'),(340,'2015-01-06','15:35:32'),(341,'2015-01-06','15:35:47'),(342,'2015-01-06','15:44:12'),(343,'2015-01-06','15:45:37'),(344,'2015-01-06','16:01:11'),(345,'2015-01-06','16:01:47'),(346,'2015-01-06','16:30:00'),(347,'2015-01-06','16:37:17'),(348,'2015-01-06','16:49:12'),(349,'2015-01-06','17:25:58'),(350,'2015-01-06','17:37:05'),(351,'2015-01-06','17:37:29'),(352,'2015-01-06','17:45:48'),(353,'2015-01-06','17:59:48'),(354,'2015-01-06','18:01:44'),(355,'2015-01-06','18:14:45'),(356,'2015-01-06','18:16:05'),(357,'2015-01-06','18:27:58'),(358,'2015-01-06','18:30:12'),(359,'2015-01-06','18:33:08'),(360,'2015-01-06','18:50:38'),(361,'2015-01-06','19:12:38'),(362,'2015-01-06','19:13:36'),(363,'2015-01-06','19:20:31'),(364,'2015-01-06','19:27:24'),(365,'2015-01-06','19:37:26'),(366,'2015-01-06','20:04:20'),(367,'2015-01-06','20:05:12'),(368,'2015-01-06','20:28:16'),(369,'2015-01-06','20:30:06'),(370,'2015-01-06','21:02:30'),(371,'2015-01-06','21:15:20'),(372,'2015-01-06','22:26:59'),(373,'2015-01-07','11:45:18'),(374,'2015-01-07','11:55:59'),(375,'2015-01-07','11:58:36'),(376,'2015-01-07','12:01:17'),(377,'2015-01-07','12:03:18'),(378,'2015-01-07','12:19:37'),(379,'2015-01-07','12:25:37'),(380,'2015-01-07','12:32:10'),(381,'2015-01-07','12:33:06'),(382,'2015-01-07','12:33:07'),(383,'2015-01-07','12:43:59'),(384,'2015-01-07','12:51:46'),(385,'2015-01-07','12:54:19'),(386,'2015-01-07','12:58:16'),(387,'2015-01-07','13:03:14'),(388,'2015-01-07','13:04:56'),(389,'2015-01-07','13:10:17'),(390,'2015-01-07','13:15:32'),(391,'2015-01-07','13:25:31'),(392,'2015-01-07','13:36:47'),(393,'2015-01-07','13:48:31'),(394,'2015-01-07','14:02:18'),(395,'2015-01-07','14:11:08'),(396,'2015-01-07','14:12:21'),(397,'2015-01-07','14:31:10'),(398,'2015-01-07','14:56:26'),(399,'2015-01-07','15:47:49'),(400,'2015-01-07','16:03:07'),(401,'2015-01-07','16:08:35'),(402,'2015-01-07','16:24:46'),(403,'2015-01-07','16:26:10'),(404,'2015-01-07','16:39:27'),(405,'2015-01-07','16:44:16'),(406,'2015-01-07','16:50:49'),(407,'2015-01-07','16:56:42'),(408,'2015-01-07','17:09:09'),(409,'2015-01-07','17:15:04'),(410,'2015-01-07','17:33:49'),(411,'2015-01-07','17:58:09'),(412,'2015-01-07','18:07:46'),(413,'2015-01-07','18:11:32'),(414,'2015-01-07','18:13:22'),(415,'2015-01-07','18:16:23'),(416,'2015-01-07','18:17:42'),(417,'2015-01-07','18:24:40'),(418,'2015-01-07','18:40:11'),(419,'2015-01-07','19:02:31'),(420,'2015-01-07','19:04:40'),(421,'2015-01-07','19:21:58'),(422,'2015-01-07','19:30:25'),(423,'2015-01-07','19:45:07'),(424,'2015-01-07','20:01:28'),(425,'2015-01-07','20:21:19'),(426,'2015-01-07','20:25:45'),(427,'2015-01-07','21:49:00'),(428,'2015-01-07','22:05:00'),(429,'2015-01-07','22:16:53'),(430,'2015-01-07','22:46:13'),(431,'2015-01-08','11:17:13'),(432,'2015-01-08','11:39:07'),(433,'2015-01-08','11:49:50'),(434,'2015-01-08','11:54:14'),(435,'2015-01-08','12:06:09'),(436,'2015-01-08','12:07:21'),(437,'2015-01-08','12:07:54'),(438,'2015-01-08','12:08:38'),(439,'2015-01-08','12:13:08'),(440,'2015-01-08','12:16:34'),(441,'2015-01-08','12:16:58'),(442,'2015-01-08','12:28:49'),(443,'2015-01-08','12:34:20'),(444,'2015-01-08','12:40:05'),(445,'2015-01-08','12:57:39'),(446,'2015-01-08','12:58:01'),(447,'2015-01-08','13:02:00'),(448,'2015-01-08','13:03:34'),(449,'2015-01-08','13:04:15'),(450,'2015-01-08','13:07:53'),(451,'2015-01-08','13:19:06'),(452,'2015-01-08','13:24:11'),(453,'2015-01-08','13:27:14'),(454,'2015-01-08','13:31:40'),(455,'2015-01-08','13:39:14'),(456,'2015-01-08','13:47:53'),(457,'2015-01-08','13:59:04'),(458,'2015-01-08','14:00:05'),(459,'2015-01-08','14:14:02'),(460,'2015-01-08','14:19:58'),(461,'2015-01-08','14:21:19'),(462,'2015-01-08','14:38:41'),(463,'2015-01-08','14:40:28'),(464,'2015-01-08','14:49:01'),(465,'2015-01-08','14:55:23'),(466,'2015-01-08','15:30:10'),(467,'2015-01-08','15:33:13'),(468,'2015-01-08','15:36:12'),(469,'2015-01-08','15:37:18'),(470,'2015-01-08','15:49:13'),(471,'2015-01-08','16:20:26'),(472,'2015-01-08','16:29:50'),(473,'2015-01-08','16:41:27'),(474,'2015-01-08','16:47:48'),(475,'2015-01-08','17:15:17'),(476,'2015-01-08','17:27:56'),(477,'2015-01-08','17:30:04'),(478,'2015-01-08','17:35:56'),(479,'2015-01-08','17:37:03'),(480,'2015-01-08','17:41:31'),(481,'2015-01-08','17:41:37'),(482,'2015-01-08','17:52:42'),(483,'2015-01-08','17:54:05'),(484,'2015-01-08','18:02:54'),(485,'2015-01-08','18:07:31'),(486,'2015-01-08','18:15:08'),(487,'2015-01-08','18:30:16'),(488,'2015-01-08','18:46:02'),(489,'2015-01-08','18:48:43'),(490,'2015-01-08','18:49:24'),(491,'2015-01-08','19:01:12'),(492,'2015-01-08','19:06:21'),(493,'2015-01-08','19:31:47'),(494,'2015-01-08','19:38:40'),(495,'2015-01-08','19:42:52'),(496,'2015-01-08','19:46:18'),(497,'2015-01-08','19:49:26'),(498,'2015-01-08','20:02:25'),(499,'2015-01-08','21:10:46'),(500,'2015-01-08','21:46:49'),(501,'2015-01-08','21:51:31'),(502,'2015-01-08','22:26:08'),(503,'2015-01-09','11:16:21'),(504,'2015-01-09','11:48:18'),(505,'2015-01-09','11:55:10'),(506,'2015-01-09','12:02:09'),(507,'2015-01-09','12:06:03'),(508,'2015-01-09','12:13:32'),(509,'2015-01-09','12:13:58'),(510,'2015-01-09','12:15:03'),(511,'2015-01-09','12:18:21'),(512,'2015-01-09','12:19:24'),(513,'2015-01-09','12:22:48'),(514,'2015-01-09','12:26:47'),(515,'2015-01-09','13:07:37'),(516,'2015-01-09','13:09:09'),(517,'2015-01-09','13:09:11'),(518,'2015-01-09','13:11:25'),(519,'2015-01-09','13:15:20'),(520,'2015-01-09','13:22:33'),(521,'2015-01-09','13:43:07'),(522,'2015-01-09','14:09:33'),(523,'2015-01-09','14:42:14'),(524,'2015-01-09','14:51:35'),(525,'2015-01-09','15:08:46'),(526,'2015-01-09','15:10:13'),(527,'2015-01-09','15:23:37'),(528,'2015-01-09','15:27:21'),(529,'2015-01-09','15:31:01'),(530,'2015-01-09','15:43:01'),(531,'2015-01-09','15:58:10'),(532,'2015-01-09','16:14:28'),(533,'2015-01-09','16:28:43'),(534,'2015-01-09','16:43:32'),(535,'2015-01-09','17:08:47'),(536,'2015-01-09','17:18:50'),(537,'2015-01-09','17:23:52'),(538,'2015-01-09','17:44:04'),(539,'2015-01-09','17:51:34'),(540,'2015-01-09','17:52:41'),(541,'2015-01-09','18:07:47'),(542,'2015-01-09','18:08:06'),(543,'2015-01-09','18:23:59'),(544,'2015-01-09','18:31:04'),(545,'2015-01-09','18:46:28'),(546,'2015-01-09','18:47:27'),(547,'2015-01-09','18:49:23'),(548,'2015-01-09','19:06:09'),(549,'2015-01-09','19:06:34'),(550,'2015-01-09','19:12:59'),(551,'2015-01-09','19:26:24'),(552,'2015-01-09','19:31:25'),(553,'2015-01-09','20:14:47'),(554,'2015-01-09','20:15:51'),(555,'2015-01-09','20:18:25'),(556,'2015-01-09','20:23:12'),(557,'2015-01-09','20:30:06'),(558,'2015-01-09','20:51:10'),(559,'2015-01-09','21:10:16'),(560,'2015-01-09','21:13:48'),(561,'2015-01-09','21:47:56'),(562,'2015-01-09','22:04:05'),(563,'2015-01-09','22:19:03'),(564,'2015-01-09','22:32:32'),(565,'2015-01-10','12:11:19'),(566,'2015-01-10','12:21:19'),(567,'2015-01-10','12:27:47'),(568,'2015-01-10','12:28:53'),(569,'2015-01-10','12:37:10'),(570,'2015-01-10','13:13:59'),(571,'2015-01-10','13:14:47'),(572,'2015-01-10','13:15:32'),(573,'2015-01-10','13:39:33'),(574,'2015-01-10','13:40:54'),(575,'2015-01-10','13:41:04'),(576,'2015-01-10','13:44:22'),(577,'2015-01-10','13:45:00'),(578,'2015-01-10','13:48:49'),(579,'2015-01-10','13:51:19'),(580,'2015-01-10','13:56:01'),(581,'2015-01-10','14:13:01'),(582,'2015-01-10','14:24:14'),(583,'2015-01-10','14:33:19'),(584,'2015-01-10','15:05:29'),(585,'2015-01-10','15:58:42'),(586,'2015-01-10','16:09:57'),(587,'2015-01-10','16:32:36'),(588,'2015-01-10','16:33:36'),(589,'2015-01-10','17:12:39'),(590,'2015-01-10','17:23:39'),(591,'2015-01-10','17:32:54'),(592,'2015-01-10','17:41:55'),(593,'2015-01-10','17:48:57'),(594,'2015-01-10','17:50:19'),(595,'2015-01-10','18:12:28'),(596,'2015-01-10','18:24:07'),(597,'2015-01-10','18:32:36'),(598,'2015-01-10','18:34:14'),(599,'2015-01-10','18:34:27'),(600,'2015-01-10','18:53:52'),(601,'2015-01-10','18:58:19'),(602,'2015-01-10','19:02:27'),(603,'2015-01-10','19:03:11'),(604,'2015-01-10','19:13:29'),(605,'2015-01-10','19:23:51'),(606,'2015-01-10','19:27:18'),(607,'2015-01-10','19:36:16'),(608,'2015-01-10','19:36:33'),(609,'2015-01-10','19:39:32'),(610,'2015-01-10','19:51:02'),(611,'2015-01-10','19:58:10'),(612,'2015-01-10','19:58:15'),(613,'2015-01-10','20:10:44'),(614,'2015-01-10','20:12:33'),(615,'2015-01-10','20:14:03'),(616,'2015-01-10','20:20:10'),(617,'2015-01-10','20:27:26'),(618,'2015-01-10','20:31:14'),(619,'2015-01-10','20:41:58'),(620,'2015-01-10','20:45:45'),(621,'2015-01-10','20:49:29'),(622,'2015-01-10','20:57:41'),(623,'2015-01-10','21:21:21'),(624,'2015-01-10','21:22:44'),(625,'2015-01-10','21:50:23'),(626,'2015-01-10','21:55:12'),(627,'2015-01-10','22:18:35'),(628,'2015-01-10','22:47:17'),(629,'2015-01-10','22:48:39'),(630,'2015-01-11','11:42:08'),(631,'2015-01-11','11:44:36'),(632,'2015-01-11','11:44:52'),(633,'2015-01-11','11:51:45'),(634,'2015-01-11','12:14:15'),(635,'2015-01-11','12:18:31'),(636,'2015-01-11','12:34:44'),(637,'2015-01-11','12:44:10'),(638,'2015-01-11','12:49:26'),(639,'2015-01-11','13:23:21'),(640,'2015-01-11','13:28:08'),(641,'2015-01-11','13:37:46'),(642,'2015-01-11','13:40:00'),(643,'2015-01-11','13:43:19'),(644,'2015-01-11','13:52:52'),(645,'2015-01-11','14:03:45'),(646,'2015-01-11','14:07:26'),(647,'2015-01-11','14:07:35'),(648,'2015-01-11','14:17:17'),(649,'2015-01-11','14:29:23'),(650,'2015-01-11','14:34:05'),(651,'2015-01-11','14:49:35'),(652,'2015-01-11','16:03:38'),(653,'2015-01-11','16:18:23'),(654,'2015-01-11','16:34:07'),(655,'2015-01-11','16:43:33'),(656,'2015-01-11','16:44:49'),(657,'2015-01-11','16:45:47'),(658,'2015-01-11','16:55:24'),(659,'2015-01-11','16:56:39'),(660,'2015-01-11','17:09:36'),(661,'2015-01-11','17:18:14'),(662,'2015-01-11','17:21:49'),(663,'2015-01-11','17:29:14'),(664,'2015-01-11','17:35:14'),(665,'2015-01-11','17:42:23'),(666,'2015-01-11','17:42:25'),(667,'2015-01-11','18:13:08'),(668,'2015-01-11','18:13:12'),(669,'2015-01-11','18:40:44'),(670,'2015-01-11','18:46:25'),(671,'2015-01-11','19:18:42'),(672,'2015-01-11','19:18:46'),(673,'2015-01-11','19:28:13'),(674,'2015-01-11','19:33:05'),(675,'2015-01-11','19:33:19'),(676,'2015-01-11','19:44:57'),(677,'2015-01-11','19:51:09'),(678,'2015-01-11','19:52:49'),(679,'2015-01-11','20:31:02'),(680,'2015-01-11','21:07:30'),(681,'2015-01-11','21:29:50'),(682,'2015-01-12','11:38:15'),(683,'2015-01-12','11:39:08'),(684,'2015-01-12','12:01:23'),(685,'2015-01-12','12:11:46'),(686,'2015-01-12','12:13:07'),(687,'2015-01-12','12:21:09'),(688,'2015-01-12','12:26:41'),(689,'2015-01-12','12:33:22'),(690,'2015-01-12','12:42:10'),(691,'2015-01-12','12:45:53'),(692,'2015-01-12','12:53:37'),(693,'2015-01-12','13:04:24'),(694,'2015-01-12','13:30:47'),(695,'2015-01-12','13:33:06'),(696,'2015-01-12','13:49:40'),(697,'2015-01-12','13:58:56'),(698,'2015-01-12','14:08:16'),(699,'2015-01-12','14:27:03'),(700,'2015-01-12','14:31:13'),(701,'2015-01-12','14:33:39'),(702,'2015-01-12','14:38:35'),(703,'2015-01-12','15:08:01'),(704,'2015-01-12','15:28:25'),(705,'2015-01-12','15:31:00'),(706,'2015-01-12','15:39:04'),(707,'2015-01-12','15:41:32'),(708,'2015-01-12','15:52:44'),(709,'2015-01-12','15:53:56'),(710,'2015-01-12','15:59:52'),(711,'2015-01-12','16:21:10'),(712,'2015-01-12','16:22:18'),(713,'2015-01-12','16:31:56'),(714,'2015-01-12','16:55:08'),(715,'2015-01-12','17:05:33'),(716,'2015-01-12','17:06:05'),(717,'2015-01-12','17:24:44'),(718,'2015-01-12','17:46:30'),(719,'2015-01-12','17:52:27'),(720,'2015-01-12','17:53:59'),(721,'2015-01-12','18:17:15'),(722,'2015-01-12','18:20:58'),(723,'2015-01-12','18:21:04'),(724,'2015-01-12','18:24:47'),(725,'2015-01-12','18:33:14'),(726,'2015-01-12','18:34:25'),(727,'2015-01-12','18:44:57'),(728,'2015-01-12','18:53:17'),(729,'2015-01-12','19:20:41'),(730,'2015-01-12','19:22:00'),(731,'2015-01-12','19:27:47'),(732,'2015-01-12','19:30:17'),(733,'2015-01-12','19:57:36'),(734,'2015-01-12','20:00:30'),(735,'2015-01-12','20:35:34'),(736,'2015-01-12','21:35:14'),(737,'2015-01-13','11:31:34'),(738,'2015-01-13','12:16:47'),(739,'2015-01-13','12:19:38'),(740,'2015-01-13','12:29:51'),(741,'2015-01-13','12:49:09'),(742,'2015-01-13','12:53:01'),(743,'2015-01-13','13:08:32'),(744,'2015-01-13','13:34:48'),(745,'2015-01-13','13:36:53'),(746,'2015-01-13','13:41:13'),(747,'2015-01-13','14:15:02'),(748,'2015-01-13','14:27:31'),(749,'2015-01-13','14:29:23'),(750,'2015-01-13','14:48:09'),(751,'2015-01-13','15:07:35'),(752,'2015-01-13','15:19:25'),(753,'2015-01-13','15:22:11'),(754,'2015-01-13','15:47:56'),(755,'2015-01-13','15:50:49'),(756,'2015-01-13','15:55:11'),(757,'2015-01-13','16:10:34'),(758,'2015-01-13','16:14:43'),(759,'2015-01-13','16:14:56'),(760,'2015-01-13','16:27:40'),(761,'2015-01-13','16:30:20'),(762,'2015-01-13','16:36:36'),(763,'2015-01-13','16:38:57'),(764,'2015-01-13','16:39:39'),(765,'2015-01-13','17:11:41'),(766,'2015-01-13','17:21:45'),(767,'2015-01-13','17:21:48'),(768,'2015-01-13','17:23:34'),(769,'2015-01-13','17:43:17'),(770,'2015-01-13','17:44:13'),(771,'2015-01-13','17:59:32'),(772,'2015-01-13','18:07:59'),(773,'2015-01-13','18:18:15'),(774,'2015-01-13','18:31:07'),(775,'2015-01-13','18:42:12'),(776,'2015-01-13','18:50:43'),(777,'2015-01-13','19:10:20'),(778,'2015-01-13','19:18:08'),(779,'2015-01-13','19:19:58'),(780,'2015-01-13','20:12:49'),(781,'2015-01-13','20:31:17'),(782,'2015-01-13','20:36:27'),(783,'2015-01-13','21:17:08'),(784,'2015-01-13','21:39:41'),(785,'2015-01-14','11:28:44'),(786,'2015-01-14','11:35:30'),(787,'2015-01-14','11:45:30'),(788,'2015-01-14','11:46:19'),(789,'2015-01-14','11:51:37'),(790,'2015-01-14','12:07:30'),(791,'2015-01-14','12:23:54'),(792,'2015-01-14','12:37:48'),(793,'2015-01-14','12:38:27'),(794,'2015-01-14','12:39:16'),(795,'2015-01-14','12:42:17'),(796,'2015-01-14','12:43:09'),(797,'2015-01-14','12:50:01'),(798,'2015-01-14','12:50:30'),(799,'2015-01-14','12:51:29'),(800,'2015-01-14','12:54:35'),(801,'2015-01-14','13:10:53'),(802,'2015-01-14','13:23:47'),(803,'2015-01-14','13:37:51'),(804,'2015-01-14','13:42:01'),(805,'2015-01-14','14:07:52'),(806,'2015-01-14','14:12:22'),(807,'2015-01-14','14:15:29'),(808,'2015-01-14','14:15:32'),(809,'2015-01-14','14:26:17'),(810,'2015-01-14','14:48:30'),(811,'2015-01-14','14:48:56'),(812,'2015-01-14','15:37:45'),(813,'2015-01-14','16:09:29'),(814,'2015-01-14','16:21:23'),(815,'2015-01-14','16:38:00'),(816,'2015-01-14','17:04:08'),(817,'2015-01-14','17:10:38'),(818,'2015-01-14','17:15:50'),(819,'2015-01-14','17:21:39'),(820,'2015-01-14','17:24:09'),(821,'2015-01-14','17:37:26'),(822,'2015-01-14','17:38:53'),(823,'2015-01-14','17:42:17'),(824,'2015-01-14','17:53:41'),(825,'2015-01-14','18:06:06'),(826,'2015-01-14','18:06:14'),(827,'2015-01-14','18:09:48'),(828,'2015-01-14','18:23:55'),(829,'2015-01-14','18:27:42'),(830,'2015-01-14','18:38:17'),(831,'2015-01-14','18:38:20'),(832,'2015-01-14','18:47:06'),(833,'2015-01-14','19:07:45'),(834,'2015-01-14','19:25:16'),(835,'2015-01-14','19:56:01'),(836,'2015-01-14','20:08:08'),(837,'2015-01-14','20:12:27'),(838,'2015-01-14','20:33:57'),(839,'2015-01-14','20:40:40'),(840,'2015-01-14','20:46:12'),(841,'2015-01-14','20:57:40'),(842,'2015-01-14','21:09:39'),(843,'2015-01-14','21:32:21'),(844,'2015-01-14','21:36:58'),(845,'2015-01-14','21:42:56'),(846,'2015-01-14','22:16:24'),(847,'2015-01-15','11:37:03'),(848,'2015-01-15','11:56:46'),(849,'2015-01-15','12:08:30'),(850,'2015-01-15','12:15:35'),(851,'2015-01-15','12:20:22'),(852,'2015-01-15','12:33:51'),(853,'2015-01-15','12:36:39'),(854,'2015-01-15','12:51:19'),(855,'2015-01-15','12:56:54'),(856,'2015-01-15','12:59:20'),(857,'2015-01-15','13:01:53'),(858,'2015-01-15','13:03:42'),(859,'2015-01-15','13:05:13'),(860,'2015-01-15','13:07:53'),(861,'2015-01-15','13:08:44'),(862,'2015-01-15','13:10:45'),(863,'2015-01-15','13:12:29'),(864,'2015-01-15','14:04:23'),(865,'2015-01-15','14:10:00'),(866,'2015-01-15','14:18:09'),(867,'2015-01-15','14:19:28'),(868,'2015-01-15','14:27:25'),(869,'2015-01-15','14:31:43'),(870,'2015-01-15','14:38:31'),(871,'2015-01-15','14:45:22'),(872,'2015-01-15','14:48:37'),(873,'2015-01-15','15:06:15'),(874,'2015-01-15','15:20:36'),(875,'2015-01-15','15:23:21'),(876,'2015-01-15','15:27:03'),(877,'2015-01-15','15:32:59'),(878,'2015-01-15','16:05:58'),(879,'2015-01-15','16:12:57'),(880,'2015-01-15','16:19:26'),(881,'2015-01-15','16:40:04'),(882,'2015-01-15','16:44:46'),(883,'2015-01-15','16:56:05'),(884,'2015-01-15','16:57:15'),(885,'2015-01-15','16:57:55'),(886,'2015-01-15','17:05:35'),(887,'2015-01-15','17:13:58'),(888,'2015-01-15','17:14:27'),(889,'2015-01-15','17:27:51'),(890,'2015-01-15','17:32:25'),(891,'2015-01-15','17:43:34'),(892,'2015-01-15','18:04:29'),(893,'2015-01-15','18:15:22'),(894,'2015-01-15','18:17:26'),(895,'2015-01-15','18:18:11'),(896,'2015-01-15','18:27:28'),(897,'2015-01-15','18:53:07'),(898,'2015-01-15','18:56:49'),(899,'2015-01-15','19:06:14'),(900,'2015-01-15','19:09:51'),(901,'2015-01-15','19:16:11'),(902,'2015-01-15','19:21:00'),(903,'2015-01-15','19:27:22'),(904,'2015-01-15','20:07:01'),(905,'2015-01-15','20:12:06'),(906,'2015-01-15','20:51:59'),(907,'2015-01-15','20:54:32'),(908,'2015-01-15','21:42:32'),(909,'2015-01-16','11:19:25'),(910,'2015-01-16','11:25:40'),(911,'2015-01-16','11:36:00'),(912,'2015-01-16','11:39:48'),(913,'2015-01-16','11:55:24'),(914,'2015-01-16','12:14:22'),(915,'2015-01-16','12:20:22'),(916,'2015-01-16','12:30:09'),(917,'2015-01-16','12:34:15'),(918,'2015-01-16','13:06:04'),(919,'2015-01-16','13:11:15'),(920,'2015-01-16','13:16:55'),(921,'2015-01-16','13:18:32'),(922,'2015-01-16','13:19:43'),(923,'2015-01-16','13:23:29'),(924,'2015-01-16','13:27:57'),(925,'2015-01-16','13:42:47'),(926,'2015-01-16','13:51:38'),(927,'2015-01-16','13:59:21'),(928,'2015-01-16','14:14:40'),(929,'2015-01-16','14:24:45'),(930,'2015-01-16','15:00:11'),(931,'2015-01-16','15:27:24'),(932,'2015-01-16','15:33:19'),(933,'2015-01-16','15:49:05'),(934,'2015-01-16','15:55:24'),(935,'2015-01-16','16:14:59'),(936,'2015-01-16','16:19:19'),(937,'2015-01-16','16:20:32'),(938,'2015-01-16','16:43:09'),(939,'2015-01-16','16:59:23'),(940,'2015-01-16','17:05:08'),(941,'2015-01-16','17:09:08'),(942,'2015-01-16','17:18:37'),(943,'2015-01-16','17:22:00'),(944,'2015-01-16','17:54:33'),(945,'2015-01-16','17:58:38'),(946,'2015-01-16','18:00:48'),(947,'2015-01-16','18:13:15'),(948,'2015-01-16','18:42:17'),(949,'2015-01-16','18:52:18'),(950,'2015-01-16','18:57:56'),(951,'2015-01-16','19:03:46'),(952,'2015-01-16','19:05:35'),(953,'2015-01-16','19:12:08'),(954,'2015-01-16','19:14:03'),(955,'2015-01-16','19:24:16'),(956,'2015-01-16','19:24:40'),(957,'2015-01-16','19:32:12'),(958,'2015-01-16','19:33:33'),(959,'2015-01-16','19:34:00'),(960,'2015-01-16','19:35:00'),(961,'2015-01-16','19:42:20'),(962,'2015-01-16','19:55:17'),(963,'2015-01-16','20:06:41'),(964,'2015-01-16','20:24:37'),(965,'2015-01-16','20:41:02'),(966,'2015-01-16','20:59:17'),(967,'2015-01-16','21:03:33'),(968,'2015-01-16','21:23:01'),(969,'2015-01-16','21:36:19'),(970,'2015-01-16','21:44:35'),(971,'2015-01-16','21:46:20'),(972,'2015-01-16','22:03:09'),(973,'2015-01-16','22:06:08'),(974,'2015-01-16','22:06:53'),(975,'2015-01-16','22:10:21'),(976,'2015-01-17','11:53:19'),(977,'2015-01-17','12:01:58'),(978,'2015-01-17','12:24:36'),(979,'2015-01-17','12:57:28'),(980,'2015-01-17','12:58:36'),(981,'2015-01-17','13:56:46'),(982,'2015-01-17','14:12:58'),(983,'2015-01-17','14:29:31'),(984,'2015-01-17','14:33:55'),(985,'2015-01-17','14:34:50'),(986,'2015-01-17','14:35:25'),(987,'2015-01-17','14:41:14'),(988,'2015-01-17','14:44:56'),(989,'2015-01-17','15:08:38'),(990,'2015-01-17','15:30:10'),(991,'2015-01-17','15:43:27'),(992,'2015-01-17','15:49:31'),(993,'2015-01-17','16:16:59'),(994,'2015-01-17','16:19:42'),(995,'2015-01-17','16:57:30'),(996,'2015-01-17','17:11:07'),(997,'2015-01-17','17:16:26'),(998,'2015-01-17','17:19:16'),(999,'2015-01-17','17:21:24'),(1000,'2015-01-17','17:24:24'),(1001,'2015-01-17','17:28:05'),(1002,'2015-01-17','17:29:41'),(1003,'2015-01-17','17:31:16'),(1004,'2015-01-17','17:44:05'),(1005,'2015-01-17','17:49:51'),(1006,'2015-01-17','18:28:12'),(1007,'2015-01-17','18:35:22'),(1008,'2015-01-17','18:49:59'),(1009,'2015-01-17','18:58:24'),(1010,'2015-01-17','19:15:11'),(1011,'2015-01-17','19:20:20'),(1012,'2015-01-17','19:25:32'),(1013,'2015-01-17','19:26:40'),(1014,'2015-01-17','19:38:17'),(1015,'2015-01-17','19:42:51'),(1016,'2015-01-17','19:44:36'),(1017,'2015-01-17','20:13:32'),(1018,'2015-01-17','20:38:50'),(1019,'2015-01-17','20:50:54'),(1020,'2015-01-17','21:04:20'),(1021,'2015-01-17','21:11:31'),(1022,'2015-01-17','21:16:01'),(1023,'2015-01-17','21:20:18'),(1024,'2015-01-17','21:21:23'),(1025,'2015-01-17','21:49:00'),(1026,'2015-01-17','21:55:05'),(1027,'2015-01-17','21:57:02'),(1028,'2015-01-17','22:02:45'),(1029,'2015-01-17','22:06:27'),(1030,'2015-01-17','22:13:59'),(1031,'2015-01-18','11:39:03'),(1032,'2015-01-18','11:45:13'),(1033,'2015-01-18','11:54:13'),(1034,'2015-01-18','12:07:59'),(1035,'2015-01-18','12:13:15'),(1036,'2015-01-18','12:49:29'),(1037,'2015-01-18','13:04:54'),(1038,'2015-01-18','13:14:59'),(1039,'2015-01-18','13:33:31'),(1040,'2015-01-18','13:56:05'),(1041,'2015-01-18','13:59:47'),(1042,'2015-01-18','14:06:19'),(1043,'2015-01-18','14:07:36'),(1044,'2015-01-18','14:20:16'),(1045,'2015-01-18','14:22:14'),(1046,'2015-01-18','14:39:33'),(1047,'2015-01-18','14:50:37'),(1048,'2015-01-18','14:53:25'),(1049,'2015-01-18','14:57:48'),(1050,'2015-01-18','15:05:54'),(1051,'2015-01-18','15:08:45'),(1052,'2015-01-18','15:28:12'),(1053,'2015-01-18','15:43:17'),(1054,'2015-01-18','15:56:04'),(1055,'2015-01-18','16:07:14'),(1056,'2015-01-18','16:12:18'),(1057,'2015-01-18','16:18:37'),(1058,'2015-01-18','16:30:09'),(1059,'2015-01-18','16:30:14'),(1060,'2015-01-18','16:39:46'),(1061,'2015-01-18','17:17:02'),(1062,'2015-01-18','17:21:38'),(1063,'2015-01-18','17:28:29'),(1064,'2015-01-18','17:30:00'),(1065,'2015-01-18','17:48:16'),(1066,'2015-01-18','18:10:50'),(1067,'2015-01-18','18:13:43'),(1068,'2015-01-18','18:16:32'),(1069,'2015-01-18','18:19:47'),(1070,'2015-01-18','18:21:27'),(1071,'2015-01-18','18:27:40'),(1072,'2015-01-18','18:32:32'),(1073,'2015-01-18','18:42:02'),(1074,'2015-01-18','19:01:54'),(1075,'2015-01-18','19:15:17'),(1076,'2015-01-18','19:36:15'),(1077,'2015-01-18','20:13:25'),(1078,'2015-01-18','20:20:42'),(1079,'2015-01-18','20:45:11'),(1080,'2015-01-18','21:22:58'),(1081,'2015-01-18','21:27:05'),(1082,'2015-01-19','11:16:43'),(1083,'2015-01-19','11:19:51'),(1084,'2015-01-19','11:27:33'),(1085,'2015-01-19','11:37:05'),(1086,'2015-01-19','11:57:17'),(1087,'2015-01-19','11:57:38'),(1088,'2015-01-19','12:00:52'),(1089,'2015-01-19','12:03:57'),(1090,'2015-01-19','12:14:24'),(1091,'2015-01-19','12:20:28'),(1092,'2015-01-19','12:23:38'),(1093,'2015-01-19','12:33:24'),(1094,'2015-01-19','12:33:50'),(1095,'2015-01-19','12:47:24'),(1096,'2015-01-19','12:56:45'),(1097,'2015-01-19','13:02:07'),(1098,'2015-01-19','13:25:39'),(1099,'2015-01-19','13:33:24'),(1100,'2015-01-19','13:34:27'),(1101,'2015-01-19','13:36:26'),(1102,'2015-01-19','14:03:20'),(1103,'2015-01-19','14:08:12'),(1104,'2015-01-19','14:39:45'),(1105,'2015-01-19','15:13:54'),(1106,'2015-01-19','15:17:39'),(1107,'2015-01-19','15:45:44'),(1108,'2015-01-19','16:18:49'),(1109,'2015-01-19','16:20:22'),(1110,'2015-01-19','16:33:35'),(1111,'2015-01-19','16:35:46'),(1112,'2015-01-19','16:46:00'),(1113,'2015-01-19','17:00:44'),(1114,'2015-01-19','17:00:53'),(1115,'2015-01-19','17:08:55'),(1116,'2015-01-19','17:09:15'),(1117,'2015-01-19','17:13:25'),(1118,'2015-01-19','17:19:49'),(1119,'2015-01-19','17:42:23'),(1120,'2015-01-19','17:46:46'),(1121,'2015-01-19','18:15:08'),(1122,'2015-01-19','18:16:44'),(1123,'2015-01-19','18:21:36'),(1124,'2015-01-19','18:29:26'),(1125,'2015-01-19','18:45:40'),(1126,'2015-01-19','18:48:46'),(1127,'2015-01-19','18:53:52'),(1128,'2015-01-19','18:59:54'),(1129,'2015-01-19','19:00:20'),(1130,'2015-01-19','19:03:05'),(1131,'2015-01-19','19:06:42'),(1132,'2015-01-19','19:51:37'),(1133,'2015-01-19','19:59:17'),(1134,'2015-01-19','20:05:41'),(1135,'2015-01-19','21:15:41'),(1136,'2015-01-19','21:59:06'),(1137,'2015-01-19','22:13:28'),(1138,'2015-01-20','11:21:49'),(1139,'2015-01-20','11:25:59'),(1140,'2015-01-20','11:31:16'),(1141,'2015-01-20','11:35:08'),(1142,'2015-01-20','11:36:48'),(1143,'2015-01-20','11:37:33'),(1144,'2015-01-20','12:02:21'),(1145,'2015-01-20','12:04:15'),(1146,'2015-01-20','12:12:00'),(1147,'2015-01-20','12:12:25'),(1148,'2015-01-20','12:17:42'),(1149,'2015-01-20','12:22:41'),(1150,'2015-01-20','12:39:05'),(1151,'2015-01-20','12:43:36'),(1152,'2015-01-20','12:44:23'),(1153,'2015-01-20','12:56:30'),(1154,'2015-01-20','12:59:38'),(1155,'2015-01-20','13:05:11'),(1156,'2015-01-20','13:14:15'),(1157,'2015-01-20','13:16:58'),(1158,'2015-01-20','13:17:45'),(1159,'2015-01-20','14:06:41'),(1160,'2015-01-20','14:14:54'),(1161,'2015-01-20','14:21:41'),(1162,'2015-01-20','14:40:02'),(1163,'2015-01-20','14:47:28'),(1164,'2015-01-20','15:13:31'),(1165,'2015-01-20','15:15:26'),(1166,'2015-01-20','15:25:08'),(1167,'2015-01-20','15:28:09'),(1168,'2015-01-20','15:58:05'),(1169,'2015-01-20','16:08:25'),(1170,'2015-01-20','16:37:24'),(1171,'2015-01-20','16:41:58'),(1172,'2015-01-20','16:53:23'),(1173,'2015-01-20','16:57:05'),(1174,'2015-01-20','17:02:58'),(1175,'2015-01-20','17:05:14'),(1176,'2015-01-20','17:05:19'),(1177,'2015-01-20','17:27:29'),(1178,'2015-01-20','18:01:13'),(1179,'2015-01-20','18:02:28'),(1180,'2015-01-20','18:12:31'),(1181,'2015-01-20','18:17:53'),(1182,'2015-01-20','18:33:48'),(1183,'2015-01-20','18:51:30'),(1184,'2015-01-20','19:04:35'),(1185,'2015-01-20','19:10:26'),(1186,'2015-01-20','19:19:55'),(1187,'2015-01-20','19:21:40'),(1188,'2015-01-20','19:25:25'),(1189,'2015-01-20','19:40:47'),(1190,'2015-01-20','19:43:15'),(1191,'2015-01-20','19:56:41'),(1192,'2015-01-20','20:15:27'),(1193,'2015-01-20','20:26:22'),(1194,'2015-01-20','20:27:18'),(1195,'2015-01-20','20:39:52'),(1196,'2015-01-20','20:44:41'),(1197,'2015-01-20','20:53:41'),(1198,'2015-01-20','22:02:08'),(1199,'2015-01-20','22:10:20'),(1200,'2015-01-20','22:14:41'),(1201,'2015-01-20','22:40:10'),(1202,'2015-01-21','11:50:26'),(1203,'2015-01-21','11:54:22'),(1204,'2015-01-21','12:23:38'),(1205,'2015-01-21','12:29:13'),(1206,'2015-01-21','12:38:38'),(1207,'2015-01-21','12:52:42'),(1208,'2015-01-21','13:03:21'),(1209,'2015-01-21','13:13:52'),(1210,'2015-01-21','13:20:41'),(1211,'2015-01-21','13:37:51'),(1212,'2015-01-21','13:42:25'),(1213,'2015-01-21','13:58:53'),(1214,'2015-01-21','14:00:05'),(1215,'2015-01-21','14:02:04'),(1216,'2015-01-21','14:08:29'),(1217,'2015-01-21','14:26:35'),(1218,'2015-01-21','14:27:30'),(1219,'2015-01-21','15:13:10'),(1220,'2015-01-21','15:20:03'),(1221,'2015-01-21','15:23:36'),(1222,'2015-01-21','15:32:23'),(1223,'2015-01-21','15:36:37'),(1224,'2015-01-21','15:45:47'),(1225,'2015-01-21','15:59:07'),(1226,'2015-01-21','16:10:57'),(1227,'2015-01-21','16:20:21'),(1228,'2015-01-21','16:26:36'),(1229,'2015-01-21','16:28:19'),(1230,'2015-01-21','16:38:28'),(1231,'2015-01-21','16:45:04'),(1232,'2015-01-21','16:50:36'),(1233,'2015-01-21','17:11:27'),(1234,'2015-01-21','17:36:59'),(1235,'2015-01-21','17:55:58'),(1236,'2015-01-21','17:56:32'),(1237,'2015-01-21','18:10:40'),(1238,'2015-01-21','18:18:51'),(1239,'2015-01-21','18:22:29'),(1240,'2015-01-21','18:40:50'),(1241,'2015-01-21','18:43:02'),(1242,'2015-01-21','18:50:51'),(1243,'2015-01-21','19:02:27'),(1244,'2015-01-21','19:24:32'),(1245,'2015-01-21','19:26:35'),(1246,'2015-01-21','19:36:04'),(1247,'2015-01-21','19:54:37'),(1248,'2015-01-21','20:13:51'),(1249,'2015-01-21','20:40:44'),(1250,'2015-01-21','21:09:08'),(1251,'2015-01-21','21:12:37'),(1252,'2015-01-21','21:32:07'),(1253,'2015-01-22','11:34:52'),(1254,'2015-01-22','11:56:03'),(1255,'2015-01-22','12:05:34'),(1256,'2015-01-22','12:06:15'),(1257,'2015-01-22','12:07:53'),(1258,'2015-01-22','12:18:53'),(1259,'2015-01-22','12:22:47'),(1260,'2015-01-22','12:31:07'),(1261,'2015-01-22','12:32:00'),(1262,'2015-01-22','12:32:33'),(1263,'2015-01-22','12:39:12'),(1264,'2015-01-22','12:58:30'),(1265,'2015-01-22','12:59:26'),(1266,'2015-01-22','12:59:51'),(1267,'2015-01-22','13:01:27'),(1268,'2015-01-22','13:01:39'),(1269,'2015-01-22','13:04:41'),(1270,'2015-01-22','13:12:15'),(1271,'2015-01-22','13:14:17'),(1272,'2015-01-22','13:14:37'),(1273,'2015-01-22','13:21:57'),(1274,'2015-01-22','13:24:14'),(1275,'2015-01-22','13:26:25'),(1276,'2015-01-22','13:46:36'),(1277,'2015-01-22','13:46:44'),(1278,'2015-01-22','14:07:34'),(1279,'2015-01-22','14:16:38'),(1280,'2015-01-22','14:44:54'),(1281,'2015-01-22','15:13:10'),(1282,'2015-01-22','15:16:54'),(1283,'2015-01-22','15:47:42'),(1284,'2015-01-22','15:53:38'),(1285,'2015-01-22','16:18:42'),(1286,'2015-01-22','16:29:13'),(1287,'2015-01-22','16:38:25'),(1288,'2015-01-22','17:10:07'),(1289,'2015-01-22','17:11:54'),(1290,'2015-01-22','17:17:19'),(1291,'2015-01-22','17:20:13'),(1292,'2015-01-22','17:35:48'),(1293,'2015-01-22','17:37:59'),(1294,'2015-01-22','17:43:01'),(1295,'2015-01-22','17:44:59'),(1296,'2015-01-22','17:46:53'),(1297,'2015-01-22','17:51:53'),(1298,'2015-01-22','17:54:25'),(1299,'2015-01-22','17:56:07'),(1300,'2015-01-22','18:28:51'),(1301,'2015-01-22','18:42:08'),(1302,'2015-01-22','18:44:04'),(1303,'2015-01-22','18:53:13'),(1304,'2015-01-22','19:02:50'),(1305,'2015-01-22','19:24:01'),(1306,'2015-01-22','19:35:25'),(1307,'2015-01-22','19:39:20'),(1308,'2015-01-22','19:43:14'),(1309,'2015-01-22','20:04:42'),(1310,'2015-01-22','20:19:33'),(1311,'2015-01-22','20:21:28'),(1312,'2015-01-22','20:23:41'),(1313,'2015-01-22','20:24:29'),(1314,'2015-01-22','20:40:55'),(1315,'2015-01-22','20:46:44'),(1316,'2015-01-22','20:48:12'),(1317,'2015-01-22','21:00:41'),(1318,'2015-01-22','21:36:48'),(1319,'2015-01-22','22:24:05'),(1320,'2015-01-22','23:02:31'),(1321,'2015-01-23','11:17:12'),(1322,'2015-01-23','11:28:28'),(1323,'2015-01-23','11:45:37'),(1324,'2015-01-23','11:46:56'),(1325,'2015-01-23','11:50:45'),(1326,'2015-01-23','12:00:54'),(1327,'2015-01-23','12:01:01'),(1328,'2015-01-23','12:29:42'),(1329,'2015-01-23','12:49:11'),(1330,'2015-01-23','12:54:53'),(1331,'2015-01-23','12:54:56'),(1332,'2015-01-23','12:55:29'),(1333,'2015-01-23','12:57:07'),(1334,'2015-01-23','13:00:58'),(1335,'2015-01-23','13:10:36'),(1336,'2015-01-23','13:14:10'),(1337,'2015-01-23','13:44:49'),(1338,'2015-01-23','13:47:01'),(1339,'2015-01-23','14:10:45'),(1340,'2015-01-23','14:12:26'),(1341,'2015-01-23','14:15:37'),(1342,'2015-01-23','14:17:05'),(1343,'2015-01-23','14:29:11'),(1344,'2015-01-23','14:58:58'),(1345,'2015-01-23','15:01:02'),(1346,'2015-01-23','15:25:17'),(1347,'2015-01-23','15:32:59'),(1348,'2015-01-23','15:50:01'),(1349,'2015-01-23','16:03:08'),(1350,'2015-01-23','16:05:24'),(1351,'2015-01-23','16:06:00'),(1352,'2015-01-23','16:12:21'),(1353,'2015-01-23','16:21:26'),(1354,'2015-01-23','16:22:21'),(1355,'2015-01-23','16:30:25'),(1356,'2015-01-23','17:11:00'),(1357,'2015-01-23','17:17:58'),(1358,'2015-01-23','17:24:07'),(1359,'2015-01-23','17:31:29'),(1360,'2015-01-23','17:33:33'),(1361,'2015-01-23','17:46:31'),(1362,'2015-01-23','17:46:43'),(1363,'2015-01-23','17:46:45'),(1364,'2015-01-23','17:50:42'),(1365,'2015-01-23','17:54:47'),(1366,'2015-01-23','18:07:49'),(1367,'2015-01-23','18:09:22'),(1368,'2015-01-23','18:22:01'),(1369,'2015-01-23','18:31:59'),(1370,'2015-01-23','18:45:57'),(1371,'2015-01-23','18:54:00'),(1372,'2015-01-23','18:57:10'),(1373,'2015-01-23','19:00:30'),(1374,'2015-01-23','19:06:56'),(1375,'2015-01-23','19:12:48'),(1376,'2015-01-23','19:13:06'),(1377,'2015-01-23','19:19:20'),(1378,'2015-01-23','19:23:24'),(1379,'2015-01-23','19:33:07'),(1380,'2015-01-23','19:51:21'),(1381,'2015-01-23','20:08:54'),(1382,'2015-01-23','20:11:35'),(1383,'2015-01-23','20:24:59'),(1384,'2015-01-23','20:31:01'),(1385,'2015-01-23','20:57:30'),(1386,'2015-01-23','21:01:24'),(1387,'2015-01-23','21:11:38'),(1388,'2015-01-23','22:04:12'),(1389,'2015-01-23','22:05:37'),(1390,'2015-01-24','11:38:40'),(1391,'2015-01-24','12:26:08'),(1392,'2015-01-24','12:37:39'),(1393,'2015-01-24','12:43:03'),(1394,'2015-01-24','13:25:55'),(1395,'2015-01-24','13:32:52'),(1396,'2015-01-24','13:34:33'),(1397,'2015-01-24','13:56:25'),(1398,'2015-01-24','14:04:36'),(1399,'2015-01-24','14:07:38'),(1400,'2015-01-24','14:08:26'),(1401,'2015-01-24','14:20:17'),(1402,'2015-01-24','14:23:57'),(1403,'2015-01-24','14:44:46'),(1404,'2015-01-24','14:59:38'),(1405,'2015-01-24','15:00:13'),(1406,'2015-01-24','15:08:57'),(1407,'2015-01-24','15:17:06'),(1408,'2015-01-24','16:05:14'),(1409,'2015-01-24','16:06:10'),(1410,'2015-01-24','16:17:38'),(1411,'2015-01-24','16:36:53'),(1412,'2015-01-24','16:39:31'),(1413,'2015-01-24','16:48:03'),(1414,'2015-01-24','16:49:15'),(1415,'2015-01-24','17:04:22'),(1416,'2015-01-24','17:18:39'),(1417,'2015-01-24','17:31:05'),(1418,'2015-01-24','17:50:34'),(1419,'2015-01-24','18:07:48'),(1420,'2015-01-24','18:10:44'),(1421,'2015-01-24','18:17:01'),(1422,'2015-01-24','18:26:42'),(1423,'2015-01-24','18:32:23'),(1424,'2015-01-24','18:43:24'),(1425,'2015-01-24','18:50:51'),(1426,'2015-01-24','19:06:06'),(1427,'2015-01-24','19:26:06'),(1428,'2015-01-24','19:33:57'),(1429,'2015-01-24','19:36:22'),(1430,'2015-01-24','19:39:56'),(1431,'2015-01-24','19:40:03'),(1432,'2015-01-24','19:41:52'),(1433,'2015-01-24','19:43:23'),(1434,'2015-01-24','19:43:40'),(1435,'2015-01-24','19:44:56'),(1436,'2015-01-24','19:46:06'),(1437,'2015-01-24','19:47:50'),(1438,'2015-01-24','19:54:07'),(1439,'2015-01-24','19:56:32'),(1440,'2015-01-24','19:56:33'),(1441,'2015-01-24','20:13:00'),(1442,'2015-01-24','20:21:20'),(1443,'2015-01-24','20:23:34'),(1444,'2015-01-24','20:29:10'),(1445,'2015-01-24','20:29:40'),(1446,'2015-01-24','20:40:47'),(1447,'2015-01-24','20:41:28'),(1448,'2015-01-24','20:59:29'),(1449,'2015-01-24','21:12:27'),(1450,'2015-01-24','21:23:08'),(1451,'2015-01-24','21:23:59'),(1452,'2015-01-24','22:32:11'),(1453,'2015-01-25','12:24:36'),(1454,'2015-01-25','12:27:51'),(1455,'2015-01-25','13:30:03'),(1456,'2015-01-25','13:35:14'),(1457,'2015-01-25','13:35:53'),(1458,'2015-01-25','13:46:05'),(1459,'2015-01-25','14:01:11'),(1460,'2015-01-25','14:17:13'),(1461,'2015-01-25','14:21:02'),(1462,'2015-01-25','14:32:07'),(1463,'2015-01-25','14:32:44'),(1464,'2015-01-25','14:43:49'),(1465,'2015-01-25','14:45:05'),(1466,'2015-01-25','14:48:05'),(1467,'2015-01-25','14:50:29'),(1468,'2015-01-25','15:05:16'),(1469,'2015-01-25','15:23:21'),(1470,'2015-01-25','15:29:05'),(1471,'2015-01-25','16:07:00'),(1472,'2015-01-25','16:32:36'),(1473,'2015-01-25','16:36:54'),(1474,'2015-01-25','16:52:12'),(1475,'2015-01-25','16:59:21'),(1476,'2015-01-25','17:05:06'),(1477,'2015-01-25','17:08:54'),(1478,'2015-01-25','17:26:23'),(1479,'2015-01-25','17:30:14'),(1480,'2015-01-25','17:48:20'),(1481,'2015-01-25','18:12:26'),(1482,'2015-01-25','18:32:16'),(1483,'2015-01-25','18:39:10'),(1484,'2015-01-25','18:57:43'),(1485,'2015-01-25','19:05:15'),(1486,'2015-01-25','19:09:03'),(1487,'2015-01-25','19:41:47'),(1488,'2015-01-25','19:49:28'),(1489,'2015-01-25','20:01:54'),(1490,'2015-01-25','20:07:13'),(1491,'2015-01-25','20:19:40'),(1492,'2015-01-25','20:46:56'),(1493,'2015-01-25','21:00:40'),(1494,'2015-01-25','21:01:50'),(1495,'2015-01-25','21:17:32'),(1496,'2015-01-25','21:32:38'),(1497,'2015-01-26','11:15:57'),(1498,'2015-01-26','11:25:10'),(1499,'2015-01-26','11:33:33'),(1500,'2015-01-26','11:52:57'),(1501,'2015-01-26','12:03:55'),(1502,'2015-01-26','12:04:48'),(1503,'2015-01-26','12:10:49'),(1504,'2015-01-26','12:44:38'),(1505,'2015-01-26','12:47:34'),(1506,'2015-01-26','12:56:04'),(1507,'2015-01-26','13:02:45'),(1508,'2015-01-26','13:03:59'),(1509,'2015-01-26','13:08:25'),(1510,'2015-01-26','13:15:18'),(1511,'2015-01-26','13:24:17'),(1512,'2015-01-26','13:27:32'),(1513,'2015-01-26','13:46:01'),(1514,'2015-01-26','13:51:21'),(1515,'2015-01-26','13:52:36'),(1516,'2015-01-26','13:54:36'),(1517,'2015-01-26','13:56:01'),(1518,'2015-01-26','14:00:13'),(1519,'2015-01-26','14:21:10'),(1520,'2015-01-26','14:25:20'),(1521,'2015-01-26','14:32:57'),(1522,'2015-01-26','14:35:32'),(1523,'2015-01-26','14:38:13'),(1524,'2015-01-26','14:47:17'),(1525,'2015-01-26','14:47:46'),(1526,'2015-01-26','14:55:06'),(1527,'2015-01-26','15:14:30'),(1528,'2015-01-26','15:24:38'),(1529,'2015-01-26','15:35:32'),(1530,'2015-01-26','15:49:09'),(1531,'2015-01-26','15:58:50'),(1532,'2015-01-26','16:04:46'),(1533,'2015-01-26','16:08:02'),(1534,'2015-01-26','16:21:23'),(1535,'2015-01-26','16:38:21'),(1536,'2015-01-26','16:52:11'),(1537,'2015-01-26','17:04:54'),(1538,'2015-01-26','17:06:36'),(1539,'2015-01-26','18:03:43'),(1540,'2015-01-26','18:08:56'),(1541,'2015-01-26','18:10:06'),(1542,'2015-01-26','18:37:22'),(1543,'2015-01-26','19:21:11'),(1544,'2015-01-26','19:32:50'),(1545,'2015-01-26','19:33:23'),(1546,'2015-01-26','19:42:41'),(1547,'2015-01-26','20:58:38'),(1548,'2015-01-26','20:59:51'),(1549,'2015-01-26','21:12:55'),(1550,'2015-01-26','21:23:19'),(1551,'2015-01-26','21:37:51'),(1552,'2015-01-27','11:23:30'),(1553,'2015-01-27','11:47:40'),(1554,'2015-01-27','11:57:19'),(1555,'2015-01-27','12:07:54'),(1556,'2015-01-27','12:19:15'),(1557,'2015-01-27','12:21:21'),(1558,'2015-01-27','12:27:55'),(1559,'2015-01-27','12:34:12'),(1560,'2015-01-27','12:56:17'),(1561,'2015-01-27','12:56:35'),(1562,'2015-01-27','13:00:08'),(1563,'2015-01-27','13:04:38'),(1564,'2015-01-27','13:05:50'),(1565,'2015-01-27','13:21:20'),(1566,'2015-01-27','13:23:02'),(1567,'2015-01-27','13:31:08'),(1568,'2015-01-27','13:38:46'),(1569,'2015-01-27','13:38:50'),(1570,'2015-01-27','13:49:25'),(1571,'2015-01-27','14:32:25'),(1572,'2015-01-27','14:33:38'),(1573,'2015-01-27','14:39:50'),(1574,'2015-01-27','15:32:22'),(1575,'2015-01-27','15:37:13'),(1576,'2015-01-27','15:44:22'),(1577,'2015-01-27','15:48:27'),(1578,'2015-01-27','16:07:40'),(1579,'2015-01-27','16:19:56'),(1580,'2015-01-27','16:27:31'),(1581,'2015-01-27','16:28:38'),(1582,'2015-01-27','16:34:55'),(1583,'2015-01-27','17:01:03'),(1584,'2015-01-27','17:08:55'),(1585,'2015-01-27','17:14:26'),(1586,'2015-01-27','17:15:31'),(1587,'2015-01-27','17:26:55'),(1588,'2015-01-27','17:29:19'),(1589,'2015-01-27','17:46:02'),(1590,'2015-01-27','17:56:16'),(1591,'2015-01-27','18:00:16'),(1592,'2015-01-27','18:02:51'),(1593,'2015-01-27','18:06:25'),(1594,'2015-01-27','18:16:02'),(1595,'2015-01-27','18:17:38'),(1596,'2015-01-27','18:22:07'),(1597,'2015-01-27','18:22:23'),(1598,'2015-01-27','18:31:26'),(1599,'2015-01-27','18:33:59'),(1600,'2015-01-27','18:37:54'),(1601,'2015-01-27','18:48:01'),(1602,'2015-01-27','18:49:15'),(1603,'2015-01-27','19:16:45'),(1604,'2015-01-27','20:05:01'),(1605,'2015-01-27','20:05:27'),(1606,'2015-01-27','20:07:37'),(1607,'2015-01-27','20:09:27'),(1608,'2015-01-27','20:10:32'),(1609,'2015-01-27','20:17:48'),(1610,'2015-01-27','20:43:11'),(1611,'2015-01-27','21:03:04'),(1612,'2015-01-27','21:03:29'),(1613,'2015-01-27','21:05:59'),(1614,'2015-01-27','22:10:01'),(1615,'2015-01-27','22:11:38'),(1616,'2015-01-27','22:22:25'),(1617,'2015-01-27','22:25:26'),(1618,'2015-01-28','11:28:33'),(1619,'2015-01-28','11:36:34'),(1620,'2015-01-28','11:38:50'),(1621,'2015-01-28','11:43:54'),(1622,'2015-01-28','11:49:42'),(1623,'2015-01-28','11:50:41'),(1624,'2015-01-28','11:55:46'),(1625,'2015-01-28','11:58:42'),(1626,'2015-01-28','12:04:16'),(1627,'2015-01-28','12:09:40'),(1628,'2015-01-28','12:16:39'),(1629,'2015-01-28','12:17:09'),(1630,'2015-01-28','12:19:50'),(1631,'2015-01-28','12:20:11'),(1632,'2015-01-28','12:20:31'),(1633,'2015-01-28','12:45:52'),(1634,'2015-01-28','12:47:43'),(1635,'2015-01-28','13:07:37'),(1636,'2015-01-28','13:07:52'),(1637,'2015-01-28','13:21:08'),(1638,'2015-01-28','13:34:25'),(1639,'2015-01-28','13:37:57'),(1640,'2015-01-28','13:45:42'),(1641,'2015-01-28','14:21:48'),(1642,'2015-01-28','14:26:49'),(1643,'2015-01-28','14:46:45'),(1644,'2015-01-28','15:01:14'),(1645,'2015-01-28','15:16:01'),(1646,'2015-01-28','15:28:30'),(1647,'2015-01-28','15:29:24'),(1648,'2015-01-28','15:43:15'),(1649,'2015-01-28','16:26:11'),(1650,'2015-01-28','16:35:45'),(1651,'2015-01-28','16:40:16'),(1652,'2015-01-28','16:56:19'),(1653,'2015-01-28','17:28:53'),(1654,'2015-01-28','17:31:36'),(1655,'2015-01-28','18:15:14'),(1656,'2015-01-28','18:15:57'),(1657,'2015-01-28','18:24:14'),(1658,'2015-01-28','18:44:20'),(1659,'2015-01-28','18:48:06'),(1660,'2015-01-28','19:00:12'),(1661,'2015-01-28','19:05:34'),(1662,'2015-01-28','19:54:25'),(1663,'2015-01-28','20:46:18'),(1664,'2015-01-28','21:09:10'),(1665,'2015-01-28','21:24:32'),(1666,'2015-01-28','21:28:58'),(1667,'2015-01-28','21:41:42'),(1668,'2015-01-28','22:28:44'),(1669,'2015-01-29','11:43:36'),(1670,'2015-01-29','11:52:11'),(1671,'2015-01-29','11:55:01'),(1672,'2015-01-29','12:14:46'),(1673,'2015-01-29','12:19:02'),(1674,'2015-01-29','12:26:17'),(1675,'2015-01-29','12:26:53'),(1676,'2015-01-29','12:39:31'),(1677,'2015-01-29','12:45:39'),(1678,'2015-01-29','13:06:51'),(1679,'2015-01-29','13:08:52'),(1680,'2015-01-29','13:10:44'),(1681,'2015-01-29','13:23:39'),(1682,'2015-01-29','13:27:10'),(1683,'2015-01-29','13:27:41'),(1684,'2015-01-29','13:33:16'),(1685,'2015-01-29','13:36:52'),(1686,'2015-01-29','13:37:50'),(1687,'2015-01-29','13:39:42'),(1688,'2015-01-29','13:42:20'),(1689,'2015-01-29','13:51:07'),(1690,'2015-01-29','13:55:35'),(1691,'2015-01-29','14:13:32'),(1692,'2015-01-29','14:24:36'),(1693,'2015-01-29','14:28:24'),(1694,'2015-01-29','14:39:52'),(1695,'2015-01-29','15:11:01'),(1696,'2015-01-29','15:26:55'),(1697,'2015-01-29','16:01:52'),(1698,'2015-01-29','16:04:23'),(1699,'2015-01-29','16:05:53'),(1700,'2015-01-29','16:07:41'),(1701,'2015-01-29','16:40:57'),(1702,'2015-01-29','16:48:09'),(1703,'2015-01-29','17:47:55'),(1704,'2015-01-29','18:15:40'),(1705,'2015-01-29','18:38:41'),(1706,'2015-01-29','18:44:29'),(1707,'2015-01-29','18:45:58'),(1708,'2015-01-29','18:53:35'),(1709,'2015-01-29','18:55:40'),(1710,'2015-01-29','18:58:20'),(1711,'2015-01-29','18:59:29'),(1712,'2015-01-29','19:23:49'),(1713,'2015-01-29','19:32:08'),(1714,'2015-01-29','19:34:31'),(1715,'2015-01-29','19:36:45'),(1716,'2015-01-29','20:05:12'),(1717,'2015-01-29','20:15:35'),(1718,'2015-01-29','20:15:51'),(1719,'2015-01-29','20:23:41'),(1720,'2015-01-29','20:37:53'),(1721,'2015-01-29','20:38:52'),(1722,'2015-01-29','20:41:46'),(1723,'2015-01-29','20:50:55'),(1724,'2015-01-29','21:04:42'),(1725,'2015-01-29','21:27:53'),(1726,'2015-01-29','22:44:10'),(1727,'2015-01-30','11:25:25'),(1728,'2015-01-30','11:30:32'),(1729,'2015-01-30','11:37:42'),(1730,'2015-01-30','11:39:14'),(1731,'2015-01-30','12:17:29'),(1732,'2015-01-30','12:20:46'),(1733,'2015-01-30','12:26:56'),(1734,'2015-01-30','12:36:42'),(1735,'2015-01-30','12:59:38'),(1736,'2015-01-30','13:34:18'),(1737,'2015-01-30','13:41:21'),(1738,'2015-01-30','13:46:49'),(1739,'2015-01-30','13:49:56'),(1740,'2015-01-30','14:14:17'),(1741,'2015-01-30','14:19:34'),(1742,'2015-01-30','14:23:30'),(1743,'2015-01-30','14:25:35'),(1744,'2015-01-30','14:26:51'),(1745,'2015-01-30','14:43:16'),(1746,'2015-01-30','15:07:16'),(1747,'2015-01-30','15:17:51'),(1748,'2015-01-30','15:32:57'),(1749,'2015-01-30','16:02:56'),(1750,'2015-01-30','16:12:42'),(1751,'2015-01-30','16:49:58'),(1752,'2015-01-30','16:51:01'),(1753,'2015-01-30','16:53:40'),(1754,'2015-01-30','17:11:32'),(1755,'2015-01-30','17:22:31'),(1756,'2015-01-30','17:30:17'),(1757,'2015-01-30','17:32:30'),(1758,'2015-01-30','17:38:25'),(1759,'2015-01-30','17:49:25'),(1760,'2015-01-30','18:00:46'),(1761,'2015-01-30','18:02:30'),(1762,'2015-01-30','18:14:18'),(1763,'2015-01-30','18:24:28'),(1764,'2015-01-30','18:24:57'),(1765,'2015-01-30','18:32:30'),(1766,'2015-01-30','18:50:13'),(1767,'2015-01-30','19:03:49'),(1768,'2015-01-30','19:28:42'),(1769,'2015-01-30','19:28:51'),(1770,'2015-01-30','19:31:17'),(1771,'2015-01-30','19:46:17'),(1772,'2015-01-30','19:57:11'),(1773,'2015-01-30','20:06:40'),(1774,'2015-01-30','20:07:05'),(1775,'2015-01-30','20:07:17'),(1776,'2015-01-30','20:09:16'),(1777,'2015-01-30','20:11:18'),(1778,'2015-01-30','20:26:02'),(1779,'2015-01-30','20:27:12'),(1780,'2015-01-30','20:54:47'),(1781,'2015-01-30','21:05:03'),(1782,'2015-01-30','21:05:29'),(1783,'2015-01-30','21:05:39'),(1784,'2015-01-30','21:06:05'),(1785,'2015-01-30','21:08:02'),(1786,'2015-01-30','21:20:25'),(1787,'2015-01-30','21:25:54'),(1788,'2015-01-30','21:35:08'),(1789,'2015-01-30','21:49:27'),(1790,'2015-01-30','22:07:03'),(1791,'2015-01-30','22:46:02'),(1792,'2015-01-31','11:31:03'),(1793,'2015-01-31','11:44:04'),(1794,'2015-01-31','11:56:54'),(1795,'2015-01-31','13:21:53'),(1796,'2015-01-31','13:31:47'),(1797,'2015-01-31','13:40:00'),(1798,'2015-01-31','14:03:30'),(1799,'2015-01-31','14:07:32'),(1800,'2015-01-31','14:17:39'),(1801,'2015-01-31','14:37:52'),(1802,'2015-01-31','14:55:20'),(1803,'2015-01-31','15:12:38'),(1804,'2015-01-31','15:44:13'),(1805,'2015-01-31','16:01:42'),(1806,'2015-01-31','16:02:17'),(1807,'2015-01-31','16:07:02'),(1808,'2015-01-31','16:07:49'),(1809,'2015-01-31','16:13:08'),(1810,'2015-01-31','16:16:19'),(1811,'2015-01-31','16:23:44'),(1812,'2015-01-31','17:13:55'),(1813,'2015-01-31','17:21:03'),(1814,'2015-01-31','17:24:47'),(1815,'2015-01-31','17:33:56'),(1816,'2015-01-31','17:59:29'),(1817,'2015-01-31','18:05:04'),(1818,'2015-01-31','18:05:33'),(1819,'2015-01-31','18:06:26'),(1820,'2015-01-31','18:13:57'),(1821,'2015-01-31','18:14:53'),(1822,'2015-01-31','18:17:53'),(1823,'2015-01-31','18:19:33'),(1824,'2015-01-31','18:20:38'),(1825,'2015-01-31','18:22:51'),(1826,'2015-01-31','18:33:05'),(1827,'2015-01-31','18:56:22'),(1828,'2015-01-31','19:12:25'),(1829,'2015-01-31','19:15:50'),(1830,'2015-01-31','19:23:54'),(1831,'2015-01-31','20:02:14'),(1832,'2015-01-31','20:08:22'),(1833,'2015-01-31','20:11:10'),(1834,'2015-01-31','20:26:06'),(1835,'2015-01-31','20:28:11'),(1836,'2015-01-31','20:46:18'),(1837,'2015-01-31','20:56:35'),(1838,'2015-01-31','20:56:38'),(1839,'2015-01-31','20:58:38'),(1840,'2015-01-31','21:01:00'),(1841,'2015-01-31','21:01:18'),(1842,'2015-01-31','21:07:17'),(1843,'2015-01-31','21:28:07'),(1844,'2015-01-31','22:09:40'),(1845,'2015-01-31','22:43:07'),(1846,'2015-02-01','11:32:07'),(1847,'2015-02-01','11:36:27'),(1848,'2015-02-01','11:40:46'),(1849,'2015-02-01','11:40:47'),(1850,'2015-02-01','11:44:12'),(1851,'2015-02-01','11:49:01'),(1852,'2015-02-01','11:54:36'),(1853,'2015-02-01','12:12:59'),(1854,'2015-02-01','12:27:17'),(1855,'2015-02-01','12:28:09'),(1856,'2015-02-01','12:32:48'),(1857,'2015-02-01','12:34:00'),(1858,'2015-02-01','12:43:50'),(1859,'2015-02-01','13:18:55'),(1860,'2015-02-01','13:19:52'),(1861,'2015-02-01','13:21:23'),(1862,'2015-02-01','13:27:02'),(1863,'2015-02-01','13:39:45'),(1864,'2015-02-01','13:46:26'),(1865,'2015-02-01','14:09:37'),(1866,'2015-02-01','14:18:56'),(1867,'2015-02-01','14:35:50'),(1868,'2015-02-01','14:35:56'),(1869,'2015-02-01','14:37:38'),(1870,'2015-02-01','14:45:45'),(1871,'2015-02-01','15:01:40'),(1872,'2015-02-01','15:07:28'),(1873,'2015-02-01','15:09:20'),(1874,'2015-02-01','15:19:35'),(1875,'2015-02-01','15:52:26'),(1876,'2015-02-01','15:56:21'),(1877,'2015-02-01','16:03:52'),(1878,'2015-02-01','16:07:22'),(1879,'2015-02-01','16:14:27'),(1880,'2015-02-01','16:15:40'),(1881,'2015-02-01','16:16:16'),(1882,'2015-02-01','16:18:31'),(1883,'2015-02-01','16:25:39'),(1884,'2015-02-01','16:34:15'),(1885,'2015-02-01','16:34:57'),(1886,'2015-02-01','16:43:54'),(1887,'2015-02-01','16:48:06'),(1888,'2015-02-01','17:01:44'),(1889,'2015-02-01','17:03:26'),(1890,'2015-02-01','17:09:36'),(1891,'2015-02-01','17:11:07'),(1892,'2015-02-01','17:11:28'),(1893,'2015-02-01','17:11:36'),(1894,'2015-02-01','17:13:57'),(1895,'2015-02-01','17:24:50'),(1896,'2015-02-01','17:28:49'),(1897,'2015-02-01','17:32:37'),(1898,'2015-02-01','17:34:26'),(1899,'2015-02-01','17:35:39'),(1900,'2015-02-01','17:42:49'),(1901,'2015-02-01','17:47:51'),(1902,'2015-02-01','17:50:51'),(1903,'2015-02-01','18:06:22'),(1904,'2015-02-01','18:13:17'),(1905,'2015-02-01','18:14:34'),(1906,'2015-02-01','18:17:07'),(1907,'2015-02-01','18:25:35'),(1908,'2015-02-01','18:28:56'),(1909,'2015-02-01','18:45:56'),(1910,'2015-02-01','18:57:06'),(1911,'2015-02-01','19:01:15'),(1912,'2015-02-01','19:01:32'),(1913,'2015-02-01','19:04:46'),(1914,'2015-02-01','19:24:03'),(1915,'2015-02-01','19:24:26'),(1916,'2015-02-01','19:27:59'),(1917,'2015-02-01','19:48:51'),(1918,'2015-02-01','19:50:54'),(1919,'2015-02-01','20:03:59'),(1920,'2015-02-01','20:04:38'),(1921,'2015-02-01','20:07:50'),(1922,'2015-02-01','20:09:20'),(1923,'2015-02-01','20:34:14'),(1924,'2015-02-01','20:40:02'),(1925,'2015-02-01','20:43:56'),(1926,'2015-02-01','21:12:29'),(1927,'2015-02-01','21:31:03'),(1928,'2015-02-01','21:57:20'),(1929,'2015-02-01','22:08:01'),(1930,'2015-02-01','22:11:02'),(1931,'2015-02-01','22:15:43'),(1932,'2015-02-01','22:29:35'),(1933,'2015-02-02','11:17:08'),(1934,'2015-02-02','11:24:45'),(1935,'2015-02-02','11:24:47'),(1936,'2015-02-02','11:34:50'),(1937,'2015-02-02','11:43:47'),(1938,'2015-02-02','11:46:18'),(1939,'2015-02-02','12:29:44'),(1940,'2015-02-02','12:30:48'),(1941,'2015-02-02','12:33:21'),(1942,'2015-02-02','12:38:58'),(1943,'2015-02-02','12:40:35'),(1944,'2015-02-02','12:49:13'),(1945,'2015-02-02','12:50:14'),(1946,'2015-02-02','13:01:49'),(1947,'2015-02-02','13:12:14'),(1948,'2015-02-02','13:13:28'),(1949,'2015-02-02','13:14:06'),(1950,'2015-02-02','13:14:40'),(1951,'2015-02-02','13:39:08'),(1952,'2015-02-02','13:41:46'),(1953,'2015-02-02','13:42:31'),(1954,'2015-02-02','13:53:10'),(1955,'2015-02-02','14:28:24'),(1956,'2015-02-02','14:36:07'),(1957,'2015-02-02','14:50:01'),(1958,'2015-02-02','15:05:43'),(1959,'2015-02-02','15:09:10'),(1960,'2015-02-02','15:15:16'),(1961,'2015-02-02','15:29:57'),(1962,'2015-02-02','15:32:15'),(1963,'2015-02-02','15:59:08'),(1964,'2015-02-02','16:09:42'),(1965,'2015-02-02','16:10:04'),(1966,'2015-02-02','16:14:14'),(1967,'2015-02-02','16:41:43'),(1968,'2015-02-02','16:58:41'),(1969,'2015-02-02','17:10:43'),(1970,'2015-02-02','17:30:16'),(1971,'2015-02-02','17:31:16'),(1972,'2015-02-02','17:35:29'),(1973,'2015-02-02','17:48:51'),(1974,'2015-02-02','17:49:37'),(1975,'2015-02-02','18:07:34'),(1976,'2015-02-02','18:25:11'),(1977,'2015-02-02','18:27:37'),(1978,'2015-02-02','19:03:28'),(1979,'2015-02-02','19:05:23'),(1980,'2015-02-02','19:07:15'),(1981,'2015-02-02','19:10:40'),(1982,'2015-02-02','19:36:26'),(1983,'2015-02-02','19:39:08'),(1984,'2015-02-02','19:50:13'),(1985,'2015-02-02','20:00:05'),(1986,'2015-02-02','20:07:17'),(1987,'2015-02-02','20:09:54'),(1988,'2015-02-02','20:46:01'),(1989,'2015-02-02','21:15:17'),(1990,'2015-02-02','21:22:35'),(1991,'2015-02-02','21:47:12'),(1992,'2015-02-02','21:48:32'),(1993,'2015-02-02','22:07:29'),(1994,'2015-02-02','22:08:10'),(1995,'2015-02-02','22:19:33'),(1996,'2015-02-03','11:25:25'),(1997,'2015-02-03','11:35:10'),(1998,'2015-02-03','11:47:03'),(1999,'2015-02-03','12:07:51'),(2000,'2015-02-03','12:14:27'),(2001,'2015-02-03','12:20:45'),(2002,'2015-02-03','12:21:10'),(2003,'2015-02-03','12:21:25'),(2004,'2015-02-03','12:24:06'),(2005,'2015-02-03','12:32:02'),(2006,'2015-02-03','12:35:28'),(2007,'2015-02-03','12:37:21'),(2008,'2015-02-03','12:47:12'),(2009,'2015-02-03','12:55:07'),(2010,'2015-02-03','13:00:41'),(2011,'2015-02-03','13:01:28'),(2012,'2015-02-03','13:19:00'),(2013,'2015-02-03','13:20:46'),(2014,'2015-02-03','13:23:13'),(2015,'2015-02-03','13:23:49'),(2016,'2015-02-03','13:47:00'),(2017,'2015-02-03','13:51:56'),(2018,'2015-02-03','14:06:04'),(2019,'2015-02-03','14:14:03'),(2020,'2015-02-03','14:14:05'),(2021,'2015-02-03','14:25:13'),(2022,'2015-02-03','14:36:36'),(2023,'2015-02-03','15:05:28'),(2024,'2015-02-03','16:04:02'),(2025,'2015-02-03','16:11:01'),(2026,'2015-02-03','16:11:48'),(2027,'2015-02-03','16:20:30'),(2028,'2015-02-03','16:38:16'),(2029,'2015-02-03','16:47:49'),(2030,'2015-02-03','16:50:44'),(2031,'2015-02-03','16:51:05'),(2032,'2015-02-03','17:12:51'),(2033,'2015-02-03','17:13:15'),(2034,'2015-02-03','17:15:18'),(2035,'2015-02-03','17:16:16'),(2036,'2015-02-03','17:17:29'),(2037,'2015-02-03','17:30:57'),(2038,'2015-02-03','17:31:35'),(2039,'2015-02-03','17:36:07'),(2040,'2015-02-03','17:36:45'),(2041,'2015-02-03','17:40:35'),(2042,'2015-02-03','18:01:43'),(2043,'2015-02-03','18:23:13'),(2044,'2015-02-03','18:33:46'),(2045,'2015-02-03','18:46:11'),(2046,'2015-02-03','18:46:54'),(2047,'2015-02-03','18:47:08'),(2048,'2015-02-03','18:48:26'),(2049,'2015-02-03','19:00:24'),(2050,'2015-02-03','19:20:46'),(2051,'2015-02-03','19:51:00'),(2052,'2015-02-03','19:54:31'),(2053,'2015-02-03','20:42:43'),(2054,'2015-02-03','20:46:45'),(2055,'2015-02-03','20:59:30'),(2056,'2015-02-03','21:05:04'),(2057,'2015-02-03','21:11:26'),(2058,'2015-02-04','11:19:17'),(2059,'2015-02-04','11:41:34'),(2060,'2015-02-04','11:45:09'),(2061,'2015-02-04','11:49:00'),(2062,'2015-02-04','11:56:32'),(2063,'2015-02-04','12:25:02'),(2064,'2015-02-04','12:26:39'),(2065,'2015-02-04','12:27:21'),(2066,'2015-02-04','12:44:20'),(2067,'2015-02-04','12:47:00'),(2068,'2015-02-04','12:49:48'),(2069,'2015-02-04','12:58:32'),(2070,'2015-02-04','13:00:47'),(2071,'2015-02-04','13:06:29'),(2072,'2015-02-04','13:08:24'),(2073,'2015-02-04','13:35:51'),(2074,'2015-02-04','13:41:08'),(2075,'2015-02-04','14:03:04'),(2076,'2015-02-04','14:11:44'),(2077,'2015-02-04','14:31:27'),(2078,'2015-02-04','14:49:29'),(2079,'2015-02-04','14:57:11'),(2080,'2015-02-04','14:58:48'),(2081,'2015-02-04','15:14:39'),(2082,'2015-02-04','15:16:20'),(2083,'2015-02-04','15:40:20'),(2084,'2015-02-04','16:06:23'),(2085,'2015-02-04','16:16:36'),(2086,'2015-02-04','16:38:50'),(2087,'2015-02-04','16:39:18'),(2088,'2015-02-04','16:48:57'),(2089,'2015-02-04','17:05:16'),(2090,'2015-02-04','17:17:07'),(2091,'2015-02-04','17:17:43'),(2092,'2015-02-04','17:31:43'),(2093,'2015-02-04','17:33:29'),(2094,'2015-02-04','17:35:45'),(2095,'2015-02-04','17:49:55'),(2096,'2015-02-04','18:11:16'),(2097,'2015-02-04','18:13:32'),(2098,'2015-02-04','18:16:27'),(2099,'2015-02-04','18:44:17'),(2100,'2015-02-04','18:46:03'),(2101,'2015-02-04','19:27:08'),(2102,'2015-02-04','19:30:52'),(2103,'2015-02-04','19:38:28'),(2104,'2015-02-04','20:09:43'),(2105,'2015-02-04','20:22:27'),(2106,'2015-02-04','20:54:54'),(2107,'2015-02-04','21:01:41'),(2108,'2015-02-04','21:05:07'),(2109,'2015-02-04','21:13:14'),(2110,'2015-02-04','21:16:34'),(2111,'2015-02-04','21:28:44'),(2112,'2015-02-04','22:07:51'),(2113,'2015-02-04','22:16:08'),(2114,'2015-02-04','22:26:28'),(2115,'2015-02-05','11:15:19'),(2116,'2015-02-05','12:11:52'),(2117,'2015-02-05','12:20:33'),(2118,'2015-02-05','12:24:57'),(2119,'2015-02-05','12:30:46'),(2120,'2015-02-05','12:47:12'),(2121,'2015-02-05','12:50:51'),(2122,'2015-02-05','12:52:55'),(2123,'2015-02-05','12:54:56'),(2124,'2015-02-05','12:56:27'),(2125,'2015-02-05','13:06:10'),(2126,'2015-02-05','13:31:29'),(2127,'2015-02-05','13:42:16'),(2128,'2015-02-05','13:42:50'),(2129,'2015-02-05','13:48:38'),(2130,'2015-02-05','14:17:14'),(2131,'2015-02-05','14:17:24'),(2132,'2015-02-05','14:18:04'),(2133,'2015-02-05','14:18:52'),(2134,'2015-02-05','14:36:32'),(2135,'2015-02-05','14:38:28'),(2136,'2015-02-05','14:54:49'),(2137,'2015-02-05','15:00:15'),(2138,'2015-02-05','15:08:13'),(2139,'2015-02-05','15:41:58'),(2140,'2015-02-05','16:55:35'),(2141,'2015-02-05','17:00:13'),(2142,'2015-02-05','17:36:09'),(2143,'2015-02-05','17:44:52'),(2144,'2015-02-05','17:48:08'),(2145,'2015-02-05','17:57:12'),(2146,'2015-02-05','18:04:19'),(2147,'2015-02-05','18:11:25'),(2148,'2015-02-05','18:15:37'),(2149,'2015-02-05','18:19:51'),(2150,'2015-02-05','18:22:25'),(2151,'2015-02-05','18:22:28'),(2152,'2015-02-05','18:35:11'),(2153,'2015-02-05','18:38:01'),(2154,'2015-02-05','18:55:27'),(2155,'2015-02-05','18:59:56'),(2156,'2015-02-05','19:29:29'),(2157,'2015-02-05','19:39:29'),(2158,'2015-02-05','19:49:47'),(2159,'2015-02-05','19:55:12'),(2160,'2015-02-05','20:01:50'),(2161,'2015-02-05','20:10:24'),(2162,'2015-02-05','20:15:06'),(2163,'2015-02-05','20:18:08'),(2164,'2015-02-05','20:23:49'),(2165,'2015-02-05','20:29:51'),(2166,'2015-02-05','20:41:36'),(2167,'2015-02-05','20:56:14'),(2168,'2015-02-05','20:59:08'),(2169,'2015-02-05','21:23:02'),(2170,'2015-02-05','21:34:23'),(2171,'2015-02-05','21:48:24'),(2172,'2015-02-05','21:51:44'),(2173,'2015-02-05','21:56:42'),(2174,'2015-02-05','22:00:17'),(2175,'2015-02-06','11:16:08'),(2176,'2015-02-06','11:18:53'),(2177,'2015-02-06','11:25:48'),(2178,'2015-02-06','11:32:25'),(2179,'2015-02-06','11:54:09'),(2180,'2015-02-06','11:59:14'),(2181,'2015-02-06','12:06:15'),(2182,'2015-02-06','12:22:30'),(2183,'2015-02-06','12:25:17'),(2184,'2015-02-06','12:40:25'),(2185,'2015-02-06','12:54:25'),(2186,'2015-02-06','13:03:16'),(2187,'2015-02-06','13:10:13'),(2188,'2015-02-06','13:13:33'),(2189,'2015-02-06','13:14:59'),(2190,'2015-02-06','13:19:45'),(2191,'2015-02-06','13:19:59'),(2192,'2015-02-06','13:20:41'),(2193,'2015-02-06','13:21:21'),(2194,'2015-02-06','13:22:11'),(2195,'2015-02-06','13:39:29'),(2196,'2015-02-06','13:45:32'),(2197,'2015-02-06','14:01:18'),(2198,'2015-02-06','14:13:09'),(2199,'2015-02-06','14:36:06'),(2200,'2015-02-06','15:21:45'),(2201,'2015-02-06','15:24:02'),(2202,'2015-02-06','15:31:14'),(2203,'2015-02-06','16:11:41'),(2204,'2015-02-06','16:28:46'),(2205,'2015-02-06','16:39:28'),(2206,'2015-02-06','16:59:29'),(2207,'2015-02-06','17:00:57'),(2208,'2015-02-06','17:10:44'),(2209,'2015-02-06','17:11:37'),(2210,'2015-02-06','17:24:07'),(2211,'2015-02-06','17:30:36'),(2212,'2015-02-06','17:52:48'),(2213,'2015-02-06','17:53:26'),(2214,'2015-02-06','17:57:31'),(2215,'2015-02-06','18:07:53'),(2216,'2015-02-06','18:10:26'),(2217,'2015-02-06','18:21:44'),(2218,'2015-02-06','18:29:00'),(2219,'2015-02-06','18:41:54'),(2220,'2015-02-06','18:46:32'),(2221,'2015-02-06','18:47:16'),(2222,'2015-02-06','18:51:55'),(2223,'2015-02-06','19:02:30'),(2224,'2015-02-06','19:02:49'),(2225,'2015-02-06','19:23:26'),(2226,'2015-02-06','19:29:57'),(2227,'2015-02-06','19:43:48'),(2228,'2015-02-06','20:04:33'),(2229,'2015-02-06','20:16:54'),(2230,'2015-02-06','20:41:12'),(2231,'2015-02-06','20:42:58'),(2232,'2015-02-06','20:50:02'),(2233,'2015-02-06','21:07:01'),(2234,'2015-02-06','21:17:17'),(2235,'2015-02-06','21:26:37'),(2236,'2015-02-06','21:32:03'),(2237,'2015-02-06','21:37:09'),(2238,'2015-02-06','21:38:28'),(2239,'2015-02-06','22:09:09'),(2240,'2015-02-06','22:22:17'),(2241,'2015-02-07','11:40:43'),(2242,'2015-02-07','11:57:32'),(2243,'2015-02-07','12:22:59'),(2244,'2015-02-07','12:24:36'),(2245,'2015-02-07','12:30:31'),(2246,'2015-02-07','12:52:30'),(2247,'2015-02-07','13:15:55'),(2248,'2015-02-07','13:22:06'),(2249,'2015-02-07','13:24:15'),(2250,'2015-02-07','13:31:14'),(2251,'2015-02-07','13:58:00'),(2252,'2015-02-07','14:32:17'),(2253,'2015-02-07','14:54:01'),(2254,'2015-02-07','15:00:58'),(2255,'2015-02-07','15:15:54'),(2256,'2015-02-07','15:22:04'),(2257,'2015-02-07','15:28:55'),(2258,'2015-02-07','15:34:05'),(2259,'2015-02-07','15:41:25'),(2260,'2015-02-07','15:43:28'),(2261,'2015-02-07','15:48:00'),(2262,'2015-02-07','16:36:54'),(2263,'2015-02-07','16:42:45'),(2264,'2015-02-07','16:46:03'),(2265,'2015-02-07','17:05:42'),(2266,'2015-02-07','17:20:38'),(2267,'2015-02-07','17:22:30'),(2268,'2015-02-07','17:27:05'),(2269,'2015-02-07','17:40:20'),(2270,'2015-02-07','17:57:15'),(2271,'2015-02-07','18:09:56'),(2272,'2015-02-07','18:17:46'),(2273,'2015-02-07','18:31:29'),(2274,'2015-02-07','18:35:51'),(2275,'2015-02-07','18:42:49'),(2276,'2015-02-07','18:44:16'),(2277,'2015-02-07','18:53:49'),(2278,'2015-02-07','19:02:51'),(2279,'2015-02-07','19:13:49'),(2280,'2015-02-07','19:14:00'),(2281,'2015-02-07','19:15:58'),(2282,'2015-02-07','19:33:21'),(2283,'2015-02-07','19:34:04'),(2284,'2015-02-07','19:35:53'),(2285,'2015-02-07','19:38:29'),(2286,'2015-02-07','19:42:45'),(2287,'2015-02-07','20:13:16'),(2288,'2015-02-07','20:20:41'),(2289,'2015-02-07','20:29:43'),(2290,'2015-02-07','20:47:23'),(2291,'2015-02-07','20:55:05'),(2292,'2015-02-07','20:57:53'),(2293,'2015-02-07','21:14:52'),(2294,'2015-02-07','21:16:09'),(2295,'2015-02-07','21:21:53'),(2296,'2015-02-07','21:24:01'),(2297,'2015-02-07','21:35:12'),(2298,'2015-02-07','21:40:33'),(2299,'2015-02-07','21:55:00'),(2300,'2015-02-07','21:59:07'),(2301,'2015-02-07','22:10:57'),(2302,'2015-02-08','11:46:15'),(2303,'2015-02-08','12:10:20'),(2304,'2015-02-08','12:22:04'),(2305,'2015-02-08','12:27:40'),(2306,'2015-02-08','12:45:27'),(2307,'2015-02-08','12:51:06'),(2308,'2015-02-08','13:03:37'),(2309,'2015-02-08','13:06:36'),(2310,'2015-02-08','13:38:04'),(2311,'2015-02-08','13:38:52'),(2312,'2015-02-08','14:10:27'),(2313,'2015-02-08','14:12:59'),(2314,'2015-02-08','14:25:11'),(2315,'2015-02-08','14:33:52'),(2316,'2015-02-08','14:37:47'),(2317,'2015-02-08','14:49:35'),(2318,'2015-02-08','15:00:00'),(2319,'2015-02-08','15:10:49'),(2320,'2015-02-08','15:27:41'),(2321,'2015-02-08','15:33:33'),(2322,'2015-02-08','15:46:13'),(2323,'2015-02-08','16:07:18'),(2324,'2015-02-08','16:16:21'),(2325,'2015-02-08','16:28:32'),(2326,'2015-02-08','16:28:40'),(2327,'2015-02-08','16:58:21'),(2328,'2015-02-08','17:02:47'),(2329,'2015-02-08','17:19:00'),(2330,'2015-02-08','17:19:54'),(2331,'2015-02-08','17:20:08'),(2332,'2015-02-08','17:53:01'),(2333,'2015-02-08','18:02:00'),(2334,'2015-02-08','18:06:04'),(2335,'2015-02-08','18:20:27'),(2336,'2015-02-08','18:24:31'),(2337,'2015-02-08','18:50:18'),(2338,'2015-02-08','18:51:54'),(2339,'2015-02-08','18:54:41'),(2340,'2015-02-08','18:59:56'),(2341,'2015-02-08','19:07:53'),(2342,'2015-02-08','19:12:49'),(2343,'2015-02-08','19:20:14'),(2344,'2015-02-08','20:20:37'),(2345,'2015-02-08','20:20:51'),(2346,'2015-02-08','20:25:39'),(2347,'2015-02-08','20:28:32'),(2348,'2015-02-08','20:58:36'),(2349,'2015-02-08','20:59:06'),(2350,'2015-02-08','21:21:37'),(2351,'2015-02-08','21:52:14'),(2352,'2015-02-08','22:21:27'),(2353,'2015-02-08','22:23:41'),(2354,'2015-02-08','22:36:28'),(2355,'2015-02-09','11:26:25'),(2356,'2015-02-09','11:31:10'),(2357,'2015-02-09','11:44:49'),(2358,'2015-02-09','12:13:41'),(2359,'2015-02-09','12:16:09'),(2360,'2015-02-09','12:19:47'),(2361,'2015-02-09','12:23:58'),(2362,'2015-02-09','12:30:05'),(2363,'2015-02-09','12:35:50'),(2364,'2015-02-09','12:52:36'),(2365,'2015-02-09','13:02:33'),(2366,'2015-02-09','13:07:01'),(2367,'2015-02-09','13:08:29'),(2368,'2015-02-09','13:35:05'),(2369,'2015-02-09','14:00:19'),(2370,'2015-02-09','14:00:23'),(2371,'2015-02-09','14:00:40'),(2372,'2015-02-09','14:04:34'),(2373,'2015-02-09','14:29:17'),(2374,'2015-02-09','14:35:54'),(2375,'2015-02-09','15:14:42'),(2376,'2015-02-09','15:25:59'),(2377,'2015-02-09','15:26:16'),(2378,'2015-02-09','16:05:30'),(2379,'2015-02-09','16:18:14'),(2380,'2015-02-09','16:22:26'),(2381,'2015-02-09','16:49:40'),(2382,'2015-02-09','17:09:34'),(2383,'2015-02-09','17:12:03'),(2384,'2015-02-09','17:17:07'),(2385,'2015-02-09','17:23:46'),(2386,'2015-02-09','17:36:17'),(2387,'2015-02-09','17:38:39'),(2388,'2015-02-09','17:46:35'),(2389,'2015-02-09','17:57:51'),(2390,'2015-02-09','18:02:29'),(2391,'2015-02-09','18:05:26'),(2392,'2015-02-09','18:05:44'),(2393,'2015-02-09','18:06:54'),(2394,'2015-02-09','18:14:43'),(2395,'2015-02-09','18:33:38'),(2396,'2015-02-09','18:34:07'),(2397,'2015-02-09','18:35:19'),(2398,'2015-02-09','18:53:44'),(2399,'2015-02-09','19:00:56'),(2400,'2015-02-09','19:30:28'),(2401,'2015-02-09','19:33:50'),(2402,'2015-02-09','19:38:23'),(2403,'2015-02-09','19:54:24'),(2404,'2015-02-09','20:09:44'),(2405,'2015-02-09','20:38:13'),(2406,'2015-02-09','21:08:21'),(2407,'2015-02-09','21:51:59'),(2408,'2015-02-09','22:01:04'),(2409,'2015-02-10','11:28:16'),(2410,'2015-02-10','11:43:09'),(2411,'2015-02-10','11:53:29'),(2412,'2015-02-10','12:09:03'),(2413,'2015-02-10','12:10:19'),(2414,'2015-02-10','12:10:37'),(2415,'2015-02-10','12:34:39'),(2416,'2015-02-10','12:37:42'),(2417,'2015-02-10','12:38:36'),(2418,'2015-02-10','12:40:03'),(2419,'2015-02-10','12:41:17'),(2420,'2015-02-10','12:43:17'),(2421,'2015-02-10','12:48:04'),(2422,'2015-02-10','12:58:32'),(2423,'2015-02-10','13:04:06'),(2424,'2015-02-10','13:04:23'),(2425,'2015-02-10','13:17:12'),(2426,'2015-02-10','13:37:25'),(2427,'2015-02-10','13:42:50'),(2428,'2015-02-10','13:45:23'),(2429,'2015-02-10','13:49:59'),(2430,'2015-02-10','13:54:52'),(2431,'2015-02-10','14:06:28'),(2432,'2015-02-10','14:11:49'),(2433,'2015-02-10','14:23:45'),(2434,'2015-02-10','14:25:40'),(2435,'2015-02-10','14:28:48'),(2436,'2015-02-10','14:58:42'),(2437,'2015-02-10','15:01:08'),(2438,'2015-02-10','15:31:30'),(2439,'2015-02-10','16:43:26'),(2440,'2015-02-10','16:43:55'),(2441,'2015-02-10','16:49:23'),(2442,'2015-02-10','16:49:38'),(2443,'2015-02-10','16:54:05'),(2444,'2015-02-10','17:02:57'),(2445,'2015-02-10','17:10:46'),(2446,'2015-02-10','17:19:06'),(2447,'2015-02-10','17:20:30'),(2448,'2015-02-10','17:26:11'),(2449,'2015-02-10','17:51:44'),(2450,'2015-02-10','17:55:50'),(2451,'2015-02-10','17:58:53'),(2452,'2015-02-10','18:09:01'),(2453,'2015-02-10','18:51:01'),(2454,'2015-02-10','19:00:37'),(2455,'2015-02-10','19:07:28'),(2456,'2015-02-10','19:19:00'),(2457,'2015-02-10','20:01:34'),(2458,'2015-02-10','20:09:17'),(2459,'2015-02-10','20:12:30'),(2460,'2015-02-10','20:13:13'),(2461,'2015-02-10','20:14:23'),(2462,'2015-02-10','20:18:10'),(2463,'2015-02-10','20:20:20'),(2464,'2015-02-10','20:20:24'),(2465,'2015-02-10','20:33:37'),(2466,'2015-02-10','21:11:59'),(2467,'2015-02-10','21:35:04'),(2468,'2015-02-11','11:44:12'),(2469,'2015-02-11','11:44:58'),(2470,'2015-02-11','11:46:05'),(2471,'2015-02-11','11:48:07'),(2472,'2015-02-11','11:53:20'),(2473,'2015-02-11','12:00:54'),(2474,'2015-02-11','12:02:54'),(2475,'2015-02-11','12:08:37'),(2476,'2015-02-11','12:11:27'),(2477,'2015-02-11','12:20:06'),(2478,'2015-02-11','12:27:39'),(2479,'2015-02-11','12:35:27'),(2480,'2015-02-11','12:42:27'),(2481,'2015-02-11','12:54:36'),(2482,'2015-02-11','12:55:29'),(2483,'2015-02-11','12:56:55'),(2484,'2015-02-11','13:14:20'),(2485,'2015-02-11','13:22:08'),(2486,'2015-02-11','13:30:45'),(2487,'2015-02-11','13:34:18'),(2488,'2015-02-11','13:43:20'),(2489,'2015-02-11','13:52:56'),(2490,'2015-02-11','13:58:36'),(2491,'2015-02-11','14:00:00'),(2492,'2015-02-11','14:20:32'),(2493,'2015-02-11','14:40:54'),(2494,'2015-02-11','14:41:21'),(2495,'2015-02-11','14:50:55'),(2496,'2015-02-11','15:02:30'),(2497,'2015-02-11','15:12:46'),(2498,'2015-02-11','15:23:21'),(2499,'2015-02-11','16:34:30'),(2500,'2015-02-11','17:00:13'),(2501,'2015-02-11','17:00:41'),(2502,'2015-02-11','17:08:01'),(2503,'2015-02-11','17:08:24'),(2504,'2015-02-11','17:12:25'),(2505,'2015-02-11','17:22:02'),(2506,'2015-02-11','17:44:46'),(2507,'2015-02-11','17:47:02'),(2508,'2015-02-11','17:47:30'),(2509,'2015-02-11','17:49:56'),(2510,'2015-02-11','17:53:00'),(2511,'2015-02-11','18:00:12'),(2512,'2015-02-11','18:02:54'),(2513,'2015-02-11','18:21:25'),(2514,'2015-02-11','18:25:46'),(2515,'2015-02-11','18:46:12'),(2516,'2015-02-11','18:50:33'),(2517,'2015-02-11','18:56:35'),(2518,'2015-02-11','19:02:19'),(2519,'2015-02-11','19:04:08'),(2520,'2015-02-11','19:06:07'),(2521,'2015-02-11','19:11:58'),(2522,'2015-02-11','19:25:46'),(2523,'2015-02-11','19:30:16'),(2524,'2015-02-11','19:31:47'),(2525,'2015-02-11','19:32:54'),(2526,'2015-02-11','19:36:30'),(2527,'2015-02-11','19:53:46'),(2528,'2015-02-11','19:54:40'),(2529,'2015-02-11','20:06:11'),(2530,'2015-02-11','20:11:26'),(2531,'2015-02-11','20:22:03'),(2532,'2015-02-11','20:33:15'),(2533,'2015-02-11','21:34:53'),(2534,'2015-02-11','21:44:25'),(2535,'2015-02-11','21:45:46'),(2536,'2015-02-11','21:52:14'),(2537,'2015-02-12','11:17:06'),(2538,'2015-02-12','11:37:34'),(2539,'2015-02-12','11:38:35'),(2540,'2015-02-12','11:48:50'),(2541,'2015-02-12','11:54:44'),(2542,'2015-02-12','11:57:08'),(2543,'2015-02-12','12:00:00'),(2544,'2015-02-12','12:03:27'),(2545,'2015-02-12','12:12:17'),(2546,'2015-02-12','12:41:02'),(2547,'2015-02-12','12:45:49'),(2548,'2015-02-12','12:48:03'),(2549,'2015-02-12','13:06:59'),(2550,'2015-02-12','13:18:54'),(2551,'2015-02-12','13:28:21'),(2552,'2015-02-12','13:47:03'),(2553,'2015-02-12','13:47:07'),(2554,'2015-02-12','13:53:40'),(2555,'2015-02-12','14:00:00'),(2556,'2015-02-12','14:00:38'),(2557,'2015-02-12','14:09:47'),(2558,'2015-02-12','14:20:14'),(2559,'2015-02-12','14:22:23'),(2560,'2015-02-12','14:27:16'),(2561,'2015-02-12','14:28:55'),(2562,'2015-02-12','14:30:22'),(2563,'2015-02-12','14:43:38'),(2564,'2015-02-12','14:53:19'),(2565,'2015-02-12','15:04:49'),(2566,'2015-02-12','15:25:11'),(2567,'2015-02-12','15:38:37'),(2568,'2015-02-12','15:53:33'),(2569,'2015-02-12','15:53:59'),(2570,'2015-02-12','15:54:49'),(2571,'2015-02-12','15:58:47'),(2572,'2015-02-12','16:04:07'),(2573,'2015-02-12','16:10:39'),(2574,'2015-02-12','16:22:32'),(2575,'2015-02-12','16:30:57'),(2576,'2015-02-12','16:58:29'),(2577,'2015-02-12','17:21:15'),(2578,'2015-02-12','17:36:09'),(2579,'2015-02-12','17:38:32'),(2580,'2015-02-12','17:42:00'),(2581,'2015-02-12','17:56:55'),(2582,'2015-02-12','17:59:55'),(2583,'2015-02-12','18:14:11'),(2584,'2015-02-12','18:25:21'),(2585,'2015-02-12','18:27:56'),(2586,'2015-02-12','19:04:06'),(2587,'2015-02-12','19:09:56'),(2588,'2015-02-12','20:01:13'),(2589,'2015-02-12','20:14:33'),(2590,'2015-02-12','20:25:21'),(2591,'2015-02-12','20:39:09'),(2592,'2015-02-12','21:43:21'),(2593,'2015-02-12','22:02:05'),(2594,'2015-02-12','22:54:43'),(2595,'2015-02-13','11:25:30'),(2596,'2015-02-13','11:27:46'),(2597,'2015-02-13','11:31:11'),(2598,'2015-02-13','11:37:51'),(2599,'2015-02-13','11:52:09'),(2600,'2015-02-13','11:53:11'),(2601,'2015-02-13','12:03:27'),(2602,'2015-02-13','12:10:01'),(2603,'2015-02-13','12:22:43'),(2604,'2015-02-13','12:33:36'),(2605,'2015-02-13','12:46:15'),(2606,'2015-02-13','12:56:00'),(2607,'2015-02-13','13:00:12'),(2608,'2015-02-13','13:11:19'),(2609,'2015-02-13','13:12:42'),(2610,'2015-02-13','13:17:50'),(2611,'2015-02-13','13:22:38'),(2612,'2015-02-13','13:43:11'),(2613,'2015-02-13','13:46:46'),(2614,'2015-02-13','13:52:26'),(2615,'2015-02-13','13:54:55'),(2616,'2015-02-13','13:59:40'),(2617,'2015-02-13','14:38:42'),(2618,'2015-02-13','14:46:51'),(2619,'2015-02-13','14:53:46'),(2620,'2015-02-13','15:00:24'),(2621,'2015-02-13','15:34:03'),(2622,'2015-02-13','16:06:27'),(2623,'2015-02-13','16:08:36'),(2624,'2015-02-13','16:21:18'),(2625,'2015-02-13','16:23:52'),(2626,'2015-02-13','16:49:57'),(2627,'2015-02-13','16:50:09'),(2628,'2015-02-13','16:57:02'),(2629,'2015-02-13','17:07:10'),(2630,'2015-02-13','17:15:17'),(2631,'2015-02-13','17:19:26'),(2632,'2015-02-13','17:24:48'),(2633,'2015-02-13','17:37:46'),(2634,'2015-02-13','18:01:27'),(2635,'2015-02-13','18:09:55'),(2636,'2015-02-13','18:10:11'),(2637,'2015-02-13','18:17:35'),(2638,'2015-02-13','18:27:27'),(2639,'2015-02-13','18:38:55'),(2640,'2015-02-13','19:21:23'),(2641,'2015-02-13','19:52:22'),(2642,'2015-02-13','20:02:53'),(2643,'2015-02-13','20:08:34'),(2644,'2015-02-13','20:22:27'),(2645,'2015-02-13','20:26:18'),(2646,'2015-02-13','20:29:23'),(2647,'2015-02-13','20:45:14'),(2648,'2015-02-13','20:48:10'),(2649,'2015-02-13','20:52:50'),(2650,'2015-02-13','20:55:07'),(2651,'2015-02-13','20:59:54'),(2652,'2015-02-13','21:00:56'),(2653,'2015-02-13','21:03:23'),(2654,'2015-02-13','21:05:06'),(2655,'2015-02-13','21:34:36'),(2656,'2015-02-13','21:36:02'),(2657,'2015-02-13','21:46:22'),(2658,'2015-02-13','21:59:50'),(2659,'2015-02-13','22:00:43'),(2660,'2015-02-13','22:02:38'),(2661,'2015-02-13','22:09:27'),(2662,'2015-02-13','22:22:32'),(2663,'2015-02-13','22:24:52'),(2664,'2015-02-13','22:38:02'),(2665,'2015-02-13','22:41:26'),(2666,'2015-02-14','11:48:35'),(2667,'2015-02-14','12:10:23'),(2668,'2015-02-14','12:22:58'),(2669,'2015-02-14','12:42:49'),(2670,'2015-02-14','13:13:51'),(2671,'2015-02-14','13:17:44'),(2672,'2015-02-14','14:05:30'),(2673,'2015-02-14','14:07:03'),(2674,'2015-02-14','14:15:01'),(2675,'2015-02-14','14:41:49'),(2676,'2015-02-14','15:17:34'),(2677,'2015-02-14','15:27:42'),(2678,'2015-02-14','15:47:53'),(2679,'2015-02-14','16:01:35'),(2680,'2015-02-14','16:10:21'),(2681,'2015-02-14','16:39:19'),(2682,'2015-02-14','16:40:26'),(2683,'2015-02-14','16:56:35'),(2684,'2015-02-14','17:02:18'),(2685,'2015-02-14','17:15:58'),(2686,'2015-02-14','17:23:06'),(2687,'2015-02-14','17:31:20'),(2688,'2015-02-14','17:43:28'),(2689,'2015-02-14','17:48:59'),(2690,'2015-02-14','17:49:26'),(2691,'2015-02-14','17:52:15'),(2692,'2015-02-14','17:55:07'),(2693,'2015-02-14','18:01:21'),(2694,'2015-02-14','18:10:04'),(2695,'2015-02-14','18:15:16'),(2696,'2015-02-14','18:32:58'),(2697,'2015-02-14','18:43:18'),(2698,'2015-02-14','18:43:20'),(2699,'2015-02-14','18:44:17'),(2700,'2015-02-14','18:47:34'),(2701,'2015-02-14','18:53:37'),(2702,'2015-02-14','18:54:29'),(2703,'2015-02-14','19:11:09'),(2704,'2015-02-14','19:11:21'),(2705,'2015-02-14','19:34:31'),(2706,'2015-02-14','19:35:44'),(2707,'2015-02-14','19:35:46'),(2708,'2015-02-14','19:40:04'),(2709,'2015-02-14','19:44:58'),(2710,'2015-02-14','20:00:00'),(2711,'2015-02-14','20:00:33'),(2712,'2015-02-14','20:52:05'),(2713,'2015-02-14','21:08:21'),(2714,'2015-02-14','21:22:31'),(2715,'2015-02-14','21:31:51'),(2716,'2015-02-14','21:33:46'),(2717,'2015-02-14','21:58:09'),(2718,'2015-02-14','22:16:39'),(2719,'2015-02-14','22:22:46'),(2720,'2015-02-14','22:29:54'),(2721,'2015-02-14','22:29:57'),(2722,'2015-02-14','22:52:37'),(2723,'2015-02-15','11:35:24'),(2724,'2015-02-15','11:48:59'),(2725,'2015-02-15','11:52:00'),(2726,'2015-02-15','11:54:55'),(2727,'2015-02-15','11:56:33'),(2728,'2015-02-15','12:12:02'),(2729,'2015-02-15','13:29:30'),(2730,'2015-02-15','13:53:02'),(2731,'2015-02-15','13:54:31'),(2732,'2015-02-15','14:16:54'),(2733,'2015-02-15','14:40:34'),(2734,'2015-02-15','14:51:01'),(2735,'2015-02-15','14:53:31'),(2736,'2015-02-15','15:11:36'),(2737,'2015-02-15','15:19:05'),(2738,'2015-02-15','15:57:57'),(2739,'2015-02-15','16:29:16'),(2740,'2015-02-15','16:32:41'),(2741,'2015-02-15','16:39:02'),(2742,'2015-02-15','16:51:56'),(2743,'2015-02-15','16:54:36'),(2744,'2015-02-15','17:01:46'),(2745,'2015-02-15','17:07:31'),(2746,'2015-02-15','17:10:49'),(2747,'2015-02-15','17:16:27'),(2748,'2015-02-15','17:21:12'),(2749,'2015-02-15','17:21:37'),(2750,'2015-02-15','17:26:04'),(2751,'2015-02-15','17:28:16'),(2752,'2015-02-15','17:29:20'),(2753,'2015-02-15','17:34:35'),(2754,'2015-02-15','17:42:41'),(2755,'2015-02-15','17:49:17'),(2756,'2015-02-15','17:50:18'),(2757,'2015-02-15','17:51:40'),(2758,'2015-02-15','17:58:47'),(2759,'2015-02-15','18:04:36'),(2760,'2015-02-15','18:50:04'),(2761,'2015-02-15','18:50:06'),(2762,'2015-02-15','18:54:43'),(2763,'2015-02-15','18:58:26'),(2764,'2015-02-15','19:16:07'),(2765,'2015-02-15','19:28:59');
/*!40000 ALTER TABLE `orders` ENABLE KEYS */;
UNLOCK TABLES;

--
-- Table structure for table `pizza_types`
--

DROP TABLE IF EXISTS `pizza_types`;
/*!40101 SET @saved_cs_client     = @@character_set_client */;
/*!50503 SET character_set_client = utf8mb4 */;
CREATE TABLE `pizza_types` (
  `pizza_type_id` text,
  `name` text,
  `category` text,
  `ingredients` text
) ENGINE=InnoDB DEFAULT CHARSET=utf8mb4 COLLATE=utf8mb4_0900_ai_ci;
/*!40101 SET character_set_client = @saved_cs_client */;

--
-- Dumping data for table `pizza_types`
--

LOCK TABLES `pizza_types` WRITE;
/*!40000 ALTER TABLE `pizza_types` DISABLE KEYS */;
INSERT INTO `pizza_types` VALUES ('bbq_ckn','The Barbecue Chicken Pizza','Chicken','Barbecued Chicken, Red Peppers, Green Peppers, Tomatoes, Red Onions, Barbecue Sauce'),('cali_ckn','The California Chicken Pizza','Chicken','Chicken, Artichoke, Spinach, Garlic, Jalapeno Peppers, Fontina Cheese, Gouda Cheese'),('ckn_alfredo','The Chicken Alfredo Pizza','Chicken','Chicken, Red Onions, Red Peppers, Mushrooms, Asiago Cheese, Alfredo Sauce'),('ckn_pesto','The Chicken Pesto Pizza','Chicken','Chicken, Tomatoes, Red Peppers, Spinach, Garlic, Pesto Sauce'),('southw_ckn','The Southwest Chicken Pizza','Chicken','Chicken, Tomatoes, Red Peppers, Red Onions, Jalapeno Peppers, Corn, Cilantro, Chipotle Sauce'),('thai_ckn','The Thai Chicken Pizza','Chicken','Chicken, Pineapple, Tomatoes, Red Peppers, Thai Sweet Chilli Sauce'),('big_meat','The Big Meat Pizza','Classic','Bacon, Pepperoni, Italian Sausage, Chorizo Sausage'),('classic_dlx','The Classic Deluxe Pizza','Classic','Pepperoni, Mushrooms, Red Onions, Red Peppers, Bacon'),('hawaiian','The Hawaiian Pizza','Classic','Sliced Ham, Pineapple, Mozzarella Cheese'),('ital_cpcllo','The Italian Capocollo Pizza','Classic','Capocollo, Red Peppers, Tomatoes, Goat Cheese, Garlic, Oregano'),('napolitana','The Napolitana Pizza','Classic','Tomatoes, Anchovies, Green Olives, Red Onions, Garlic'),('pep_msh_pep','The Pepperoni, Mushroom, and Peppers Pizza','Classic','Pepperoni, Mushrooms, Green Peppers'),('pepperoni','The Pepperoni Pizza','Classic','Mozzarella Cheese, Pepperoni'),('the_greek','The Greek Pizza','Classic','Kalamata Olives, Feta Cheese, Tomatoes, Garlic, Beef Chuck Roast, Red Onions'),('brie_carre','The Brie Carre Pizza','Supreme','Brie Carre Cheese, Prosciutto, Caramelized Onions, Pears, Thyme, Garlic'),('calabrese','The Calabrese Pizza','Supreme','Nduja Salami, Pancetta, Tomatoes, Red Onions, Friggitello Peppers, Garlic'),('ital_supr','The Italian Supreme Pizza','Supreme','Calabrese Salami, Capocollo, Tomatoes, Red Onions, Green Olives, Garlic'),('peppr_salami','The Pepper Salami Pizza','Supreme','Genoa Salami, Capocollo, Pepperoni, Tomatoes, Asiago Cheese, Garlic'),('prsc_argla','The Prosciutto and Arugula Pizza','Supreme','Prosciutto di San Daniele, Arugula, Mozzarella Cheese'),('sicilian','The Sicilian Pizza','Supreme','Coarse Sicilian Salami, Tomatoes, Green Olives, Luganega Sausage, Onions, Garlic'),('soppressata','The Soppressata Pizza','Supreme','Soppressata Salami, Fontina Cheese, Mozzarella Cheese, Mushrooms, Garlic'),('spicy_ital','The Spicy Italian Pizza','Supreme','Capocollo, Tomatoes, Goat Cheese, Artichokes, Peperoncini verdi, Garlic'),('spinach_supr','The Spinach Supreme Pizza','Supreme','Spinach, Red Onions, Pepperoni, Tomatoes, Artichokes, Kalamata Olives, Garlic, Asiago Cheese'),('five_cheese','The Five Cheese Pizza','Veggie','Mozzarella Cheese, Provolone Cheese, Smoked Gouda Cheese, Romano Cheese, Blue Cheese, Garlic'),('four_cheese','The Four Cheese Pizza','Veggie','Ricotta Cheese, Gorgonzola Piccante Cheese, Mozzarella Cheese, Parmigiano Reggiano Cheese, Garlic'),('green_garden','The Green Garden Pizza','Veggie','Spinach, Mushrooms, Tomatoes, Green Olives, Feta Cheese'),('ital_veggie','The Italian Vegetables Pizza','Veggie','Eggplant, Artichokes, Tomatoes, Zucchini, Red Peppers, Garlic, Pesto Sauce'),('mediterraneo','The Mediterranean Pizza','Veggie','Spinach, Artichokes, Kalamata Olives, Sun-dried Tomatoes, Feta Cheese, Plum Tomatoes, Red Onions'),('mexicana','The Mexicana Pizza','Veggie','Tomatoes, Red Peppers, Jalapeno Peppers, Red Onions, Cilantro, Corn, Chipotle Sauce, Garlic'),('spin_pesto','The Spinach Pesto Pizza','Veggie','Spinach, Artichokes, Tomatoes, Sun-dried Tomatoes, Garlic, Pesto Sauce'),('spinach_fet','The Spinach and Feta Pizza','Veggie','Spinach, Mushrooms, Red Onions, Feta Cheese, Garlic'),('veggie_veg','The Vegetables + Vegetables Pizza','Veggie','Mushrooms, Tomatoes, Red Peppers, Green Peppers, Red Onions, Zucchini, Spinach, Garlic');
/*!40000 ALTER TABLE `pizza_types` ENABLE KEYS */;
UNLOCK TABLES;

--
-- Table structure for table `pizzas`
--

DROP TABLE IF EXISTS `pizzas`;
/*!40101 SET @saved_cs_client     = @@character_set_client */;
/*!50503 SET character_set_client = utf8mb4 */;
CREATE TABLE `pizzas` (
  `pizza_id` text,
  `pizza_type_id` text,
  `size` text,
  `price` double DEFAULT NULL
) ENGINE=InnoDB DEFAULT CHARSET=utf8mb4 COLLATE=utf8mb4_0900_ai_ci;
/*!40101 SET character_set_client = @saved_cs_client */;

--
-- Dumping data for table `pizzas`
--

LOCK TABLES `pizzas` WRITE;
/*!40000 ALTER TABLE `pizzas` DISABLE KEYS */;
INSERT INTO `pizzas` VALUES ('bbq_ckn_s','bbq_ckn','S',12.75),('bbq_ckn_m','bbq_ckn','M',16.75),('bbq_ckn_l','bbq_ckn','L',20.75),('cali_ckn_s','cali_ckn','S',12.75),('cali_ckn_m','cali_ckn','M',16.75),('cali_ckn_l','cali_ckn','L',20.75),('ckn_alfredo_s','ckn_alfredo','S',12.75),('ckn_alfredo_m','ckn_alfredo','M',16.75),('ckn_alfredo_l','ckn_alfredo','L',20.75),('ckn_pesto_s','ckn_pesto','S',12.75),('ckn_pesto_m','ckn_pesto','M',16.75),('ckn_pesto_l','ckn_pesto','L',20.75),('southw_ckn_s','southw_ckn','S',12.75),('southw_ckn_m','southw_ckn','M',16.75),('southw_ckn_l','southw_ckn','L',20.75),('thai_ckn_s','thai_ckn','S',12.75),('thai_ckn_m','thai_ckn','M',16.75),('thai_ckn_l','thai_ckn','L',20.75),('big_meat_s','big_meat','S',12),('big_meat_m','big_meat','M',16),('big_meat_l','big_meat','L',20.5),('classic_dlx_s','classic_dlx','S',12),('classic_dlx_m','classic_dlx','M',16),('classic_dlx_l','classic_dlx','L',20.5),('hawaiian_s','hawaiian','S',10.5),('hawaiian_m','hawaiian','M',13.25),('hawaiian_l','hawaiian','L',16.5),('ital_cpcllo_s','ital_cpcllo','S',12),('ital_cpcllo_m','ital_cpcllo','M',16),('ital_cpcllo_l','ital_cpcllo','L',20.5),('napolitana_s','napolitana','S',12),('napolitana_m','napolitana','M',16),('napolitana_l','napolitana','L',20.5),('pep_msh_pep_s','pep_msh_pep','S',11),('pep_msh_pep_m','pep_msh_pep','M',14.5),('pep_msh_pep_l','pep_msh_pep','L',17.5),('pepperoni_s','pepperoni','S',9.75),('pepperoni_m','pepperoni','M',12.5),('pepperoni_l','pepperoni','L',15.25),('the_greek_s','the_greek','S',12),('the_greek_m','the_greek','M',16),('the_greek_l','the_greek','L',20.5),('the_greek_xl','the_greek','XL',25.5),('the_greek_xxl','the_greek','XXL',35.95),('brie_carre_s','brie_carre','S',23.65),('calabrese_s','calabrese','S',12.25),('calabrese_m','calabrese','M',16.25),('calabrese_l','calabrese','L',20.25),('ital_supr_s','ital_supr','S',12.5),('ital_supr_m','ital_supr','M',16.5),('ital_supr_l','ital_supr','L',20.75),('peppr_salami_s','peppr_salami','S',12.5),('peppr_salami_m','peppr_salami','M',16.5),('peppr_salami_l','peppr_salami','L',20.75),('prsc_argla_s','prsc_argla','S',12.5),('prsc_argla_m','prsc_argla','M',16.5),('prsc_argla_l','prsc_argla','L',20.75),('sicilian_s','sicilian','S',12.25),('sicilian_m','sicilian','M',16.25),('sicilian_l','sicilian','L',20.25),('soppressata_s','soppressata','S',12.5),('soppressata_m','soppressata','M',16.5),('soppressata_l','soppressata','L',20.75),('spicy_ital_s','spicy_ital','S',12.5),('spicy_ital_m','spicy_ital','M',16.5),('spicy_ital_l','spicy_ital','L',20.75),('spinach_supr_s','spinach_supr','S',12.5),('spinach_supr_m','spinach_supr','M',16.5),('spinach_supr_l','spinach_supr','L',20.75),('five_cheese_s','five_cheese','S',12.5),('five_cheese_m','five_cheese','M',15.5),('five_cheese_l','five_cheese','L',18.5),('four_cheese_s','four_cheese','S',11.75),('four_cheese_m','four_cheese','M',14.75),('four_cheese_l','four_cheese','L',17.95),('green_garden_s','green_garden','S',12),('green_garden_m','green_garden','M',16),('green_garden_l','green_garden','L',20.25),('ital_veggie_s','ital_veggie','S',12.75),('ital_veggie_m','ital_veggie','M',16.75),('ital_veggie_l','ital_veggie','L',21),('mediterraneo_s','mediterraneo','S',12),('mediterraneo_m','mediterraneo','M',16),('mediterraneo_l','mediterraneo','L',20.25),('mexicana_s','mexicana','S',12),('mexicana_m','mexicana','M',16),('mexicana_l','mexicana','L',20.25),('spin_pesto_s','spin_pesto','S',12.5),('spin_pesto_m','spin_pesto','M',16.5),('spin_pesto_l','spin_pesto','L',20.75),('spinach_fet_s','spinach_fet','S',12),('spinach_fet_m','spinach_fet','M',16),('spinach_fet_l','spinach_fet','L',20.25),('veggie_veg_s','veggie_veg','S',12),('veggie_veg_m','veggie_veg','M',16),('veggie_veg_l','veggie_veg','L',20.25);
/*!40000 ALTER TABLE `pizzas` ENABLE KEYS */;
UNLOCK TABLES;
/*!40103 SET TIME_ZONE=@OLD_TIME_ZONE */;

/*!40101 SET SQL_MODE=@OLD_SQL_MODE */;
/*!40014 SET FOREIGN_KEY_CHECKS=@OLD_FOREIGN_KEY_CHECKS */;
/*!40014 SET UNIQUE_CHECKS=@OLD_UNIQUE_CHECKS */;
/*!40101 SET CHARACTER_SET_CLIENT=@OLD_CHARACTER_SET_CLIENT */;
/*!40101 SET CHARACTER_SET_RESULTS=@OLD_CHARACTER_SET_RESULTS */;
/*!40101 SET COLLATION_CONNECTION=@OLD_COLLATION_CONNECTION */;
/*!40111 SET SQL_NOTES=@OLD_SQL_NOTES */;

-- Dump completed on 2024-09-12 19:14:35
